song,artist,releaseYear,wasFirst,hasYear,playCount
Hold On Loosely,.38 Special,1981,1,1,85
Caught Up in You,.38 Special,1982,1,1,82
Rockin' Into the Night,.38 Special,1980,1,1,18
Fantasy Girl,.38 Special,,1,0,3
Art For Arts Sake,10cc,1975,1,1,1
Kryptonite,3 Doors Down,2000,1,1,13
When I'm Gone,3 Doors Down,2002,1,1,6
Loser,3 Doors Down,2000,1,1,1
What's Up?,4 Non Blondes,1992,1,1,3
Take On Me,a-ha,1985,1,1,1
You Shook Me All Night Long,AC/DC,1980,1,1,138
Back In Black,AC/DC,1980,1,1,97
Highway To Hell,AC/DC,1979,1,1,92
Dirty Deeds Done Dirt Cheap,AC/DC,1976,1,1,85
Hells Bells,AC/DC,1980,1,1,74
T.N.T.,AC/DC,1975,1,1,66
For Those About To Rock,AC/DC,1981,1,1,46
Shoot To Thrill,AC/DC,,1,0,45
Have a Drink On Me,AC/DC,1980,1,1,39
It's A Long Way To The Top,AC/DC,1975,1,1,39
Thunderstruck,AC/DC,1990,1,1,34
Girls Got Rhythm,AC/DC,,1,0,24
Rock and Roll Ain't Noise Pollution,AC/DC,1980,1,1,21
Moneytalks,AC/DC,,1,0,20
Who Made Who,AC/DC,1986,1,1,12
Big Gun,AC/DC,1993,1,1,6
CAN'T STOP ROCK'N'ROLL,AC/DC,,1,0,5
Let's Get It Up,AC/DC,,1,0,4
Let There Be Rock,AC/DC,1977,1,1,3
Whole Lotta Rosie,AC/DC,1977,1,1,3
Live Wire,AC/DC,,1,0,2
Shot Down In Flames,AC/DC,1979,1,1,2
Touch Too Much,AC/DC,1979,1,1,2
What Do You Do For Money Honey,AC/DC,,1,0,2
rr,AC/DC,,1,0,1
Hard As A Rock,AC/DC,1995,1,1,1
Jailbreak,AC/DC,1984,1,1,1
Night Prowler,AC/DC,1979,1,1,1
Sin City,AC/DC,,1,0,1
How Long,Ace,1974,1,1,1
Dog On A Leash,Adelitas Way,2014,1,1,4
Dream On,Aerosmith,1973,1,1,142
Sweet Emotion,Aerosmith,1975,1,1,141
Walk This Way,Aerosmith,1975,1,1,106
Come Together,Aerosmith,,1,0,65
Rag Doll,Aerosmith,1987,1,1,47
Dude (Looks Like a Lady),Aerosmith,1987,1,1,42
Back in the Saddle,Aerosmith,1976,1,1,39
Love In An Elevator,Aerosmith,1989,1,1,35
Janie's Got A Gun,Aerosmith,1989,1,1,34
What It Takes,Aerosmith,1989,1,1,31
Livin' On The Edge,Aerosmith,1993,1,1,27
Same Old Song and Dance,Aerosmith,1974,1,1,18
Cryin',Aerosmith,1993,1,1,15
Train Kept A-Rollin',Aerosmith,1974,1,1,15
Angel,Aerosmith,1987,1,1,12
The Other Side,Aerosmith,,1,0,11
Crazy,Aerosmith,1993,1,1,7
Mama Kin,Aerosmith,1973,1,1,5
Last Child,Aerosmith,1976,1,1,4
Big Ten Inch,Aerosmith,1975,1,1,3
No More No More,Aerosmith,1975,1,1,2
Seasons of Wither,Aerosmith,1974,1,1,2
Toys in the Attic,Aerosmith,1975,1,1,2
"Baby, Please Don't Go",Aerosmith,,1,0,1
Draw The Line,Aerosmith,1977,1,1,1
Jaded,Aerosmith,2001,1,1,1
Kings and Queens,Aerosmith,,1,0,1
Let the Music Do the Talking,Aerosmith,1985,1,1,1
One Way Street,Aerosmith,,1,0,1
Pink,Aerosmith,1997,1,1,1
You See Me Crying,Aerosmith,,1,0,1
You Oughta Know,Alanis Morissette,1995,1,1,6
Hand In My Pocket,Alanis Morissette,1995,1,1,1
Black Velvet,Alannah Myles,1989,1,1,1
Fantasy,Aldo Nova,,1,0,4
School's Out,Alice Cooper,1972,1,1,44
No More Mr. Nice Guy,Alice Cooper,1973,1,1,39
I'm Eighteen,Alice Cooper,1971,1,1,24
Under My Wheels,Alice Cooper,1971,1,1,18
Welcome To My Nightmare,Alice Cooper,1975,1,1,10
Eighteen,Alice Cooper,1971,1,1,4
Billion Dollar Babies,Alice Cooper,1973,1,1,2
BE MY LOVER,Alice Cooper,,1,0,1
Elected,Alice Cooper,1973,1,1,1
House Of Fire,Alice Cooper,,1,0,1
Man In The Box,Alice In Chains,1990,1,1,13
No Excuses,Alice In Chains,1994,1,1,2
Rooster,Alice In Chains,1992,1,1,2
Them Bones,Alice In Chains,1992,1,1,2
Would?,Alice In Chains,1992,1,1,2
Down in a Hole,Alice In Chains,1992,1,1,1
Ramblin' Man,Allman Brothers Band,1973,1,1,34
Midnight Rider,Allman Brothers Band,1970,1,1,21
Jessica,Allman Brothers Band,1973,1,1,12
Melissa,Allman Brothers Band,1972,1,1,6
Whippin' Post,Allman Brothers Band,,1,0,6
Statesboro Blues,Allman Brothers Band,1971,1,1,4
No One to Run With,Allman Brothers Band,1994,1,1,3
One Way Out,Allman Brothers Band,,1,0,3
Good Clean Fun,Allman Brothers Band,1990,1,1,2
Southbound,Allman Brothers Band,,1,0,2
Ain't Wastin' Time No More,Allman Brothers Band,1972,1,1,1
Blue Sky,Allman Brothers Band,1972,1,1,1
In Memory Of Elizabeth Reed,Allman Brothers Band,1970,1,1,1
A Horse With No Name,America,1972,1,1,26
Sister Golden Hair,America,1975,1,1,19
Ventura Highway,America,1972,1,1,1
Don't Bring Me Down,Animals II,1966,1,1,1
Don't Let Me Be Misunderstood,Animals II,1965,1,1,1
Immigrant Song,Ann Wilson,,1,0,2
Roller,April Wine,,1,0,1
Hold Your Head Up,Argent,1972,1,1,11
Coming into Los Angeles,Arlo Guthrie,,1,0,1
Wayside,Artful Dodger,,1,0,1
Heat of the Moment,Asia,1982,1,1,37
Only Time Will Tell,Asia,1982,1,1,3
So Into You,Atlanta Rhythm Section,1976,1,1,1
Spooky,Atlanta Rhythm Section,,1,0,1
Like a Stone,Audioslave,2002,1,1,1
Turn Up the Radio,Autograph,1984,1,1,21
Blondes In Black Cars,Autograph,,1,0,1
Rock And Roll Party In The Streets,Axe,,1,0,1
You Ain't Seen Nothin' Yet,Bachman-Turner Overdrive,1974,1,1,69
Takin' Care Of Business,Bachman-Turner Overdrive,1973,1,1,39
Let It Ride,Bachman-Turner Overdrive,1973,1,1,13
Roll On Down The Highway,Bachman-Turner Overdrive,,1,0,5
Feel Like Makin' Love,Bad Company,,1,0,113
Bad Company,Bad Company,1974,1,1,96
Rock 'n' Roll Fantasy,Bad Company,,1,0,91
Shooting Star,Bad Company,1975,1,1,62
Ready For Love,Bad Company,,1,0,45
Burnin' Sky,Bad Company,1977,1,1,41
Can't Get Enough,Bad Company,1974,1,1,41
Gone Gone Gone,Bad Company,,1,0,25
Movin' On,Bad Company,,1,0,17
Run With The Pack,Bad Company,,1,0,11
"Silver, Blue And Gold",Bad Company,,1,0,11
Good Lovin' Gone Bad,Bad Company,,1,0,10
Rock Steady,Bad Company,,1,0,3
Seagull,Bad Company,1974,1,1,1
When I See You Smile,Bad English,1989,1,1,1
No Matter What,Badfinger,1970,1,1,2
Walks Like A Woman,Baton Rouge,,1,0,1
(You Gotta) Fight for Your Right (To Party),Beastie Boys,1986,1,1,4
No Sleep Till Brooklyn,Beastie Boys,1986,1,1,3
Loser,Beck,1994,1,1,1
In a Big Country,Big Country,1983,1,1,2
Rock Around the Clock,Bill Haley,1955,1,1,1
AIN'T NO SUNSHINE,Bill Withers,1971,1,1,1
Rebel Yell,Billy Idol,1984,1,1,89
White Wedding,Billy Idol,1982,1,1,84
Mony Mony,Billy Idol,,1,0,21
Dancing With Myself,Billy Idol,1980,1,1,20
Cradle of Love,Billy Idol,1990,1,1,6
Eyes Without a Face,Billy Idol,1984,1,1,2
Piano Man,Billy Joel,1973,1,1,37
You May Be Right,Billy Joel,1980,1,1,30
Big Shot,Billy Joel,1978,1,1,27
Movin' Out (Anthony's Song),Billy Joel,1977,1,1,26
It's Still Rock And Roll To Me,Billy Joel,1980,1,1,22
Only The Good Die Young,Billy Joel,1977,1,1,21
My Life,Billy Joel,1978,1,1,11
Captain Jack,Billy Joel,1973,1,1,7
Miami 2017 {seen The Lights Go Out On Broadway} (live 1,Billy Joel,1976,1,1,5
The Stranger,Billy Joel,1977,1,1,5
Scenes From An Italian Restaurant,Billy Joel,1977,1,1,3
Sometimes A Fantasy,Billy Joel,1980,1,1,3
Don't Ask Me Why,Billy Joel,,1,0,2
New York State Of Mind,Billy Joel,1976,1,1,2
The Ballad Of Billy The Kid,Billy Joel,1973,1,1,2
Allentown,Billy Joel,1982,1,1,1
Goodnight Saigon,Billy Joel,1983,1,1,1
Prelude/angry Young Man,Billy Joel,,1,0,1
SHE'S ALWAYS A WOMAN,Billy Joel,1977,1,1,1
Baby Come Back,Billy Rankin,,1,0,1
The Stroke,Billy Squier,1981,1,1,83
Lonely Is the Night,Billy Squier,1981,1,1,80
Everybody Wants You,Billy Squier,,1,0,59
In the Dark,Billy Squier,,1,0,24
My Kinda Lover,Billy Squier,,1,0,22
Rock Me Tonight,Billy Squier,1984,1,1,1
She's a Runner,Billy Squier,,1,0,1
Children Of The Sun,Billy Thorpe,,1,0,2
Paranoid,Black Sabbath,1970,1,1,105
Iron Man,Black Sabbath,1972,1,1,40
War Pigs,Black Sabbath,1970,1,1,38
Sweet Leaf,Black Sabbath,1971,1,1,34
N.i.b.,Black Sabbath,1970,1,1,8
Fairies Wear Boots,Black Sabbath,1970,1,1,1
Heaven and Hell,Black Sabbath,1980,1,1,1
Neon Knights,Black Sabbath,1980,1,1,1
The Wizard,Black Sabbath,1970,1,1,1
"Train, Train",Blackfoot,1979,1,1,25
Highway Song,Blackfoot,,1,0,17
Can't Find My Way Home,Blind Faith,1969,1,1,4
Presence of the Lord,Blind Faith,1969,1,1,1
No Rain,Blind Melon,1992,1,1,2
Presence of the Lord,Blind Melon,,1,0,2
All the Small Things,Blink-182,1999,1,1,1
Call Me,Blondie,1980,1,1,26
One Way Or Another,Blondie,1978,1,1,21
Heart of Glass,Blondie,1978,1,1,11
Burnin' for You,Blue Oyster Cult,1981,1,1,107
(Don't Fear) The Reaper,Blue Oyster Cult,1976,1,1,99
Godzilla,Blue Oyster Cult,1977,1,1,9
I Love the Night,Blue Oyster Cult,1977,1,1,2
Bucks Boogie,Blue Oyster Cult,,1,0,1
Summertime Blues,Blue Oyster Cult,,1,0,1
Song 2,Blur,1997,1,1,3
Knockin' On Heaven's Door,Bob Dylan,1973,1,1,22
Tangled Up In Blue,Bob Dylan,1975,1,1,5
Like a Rolling Stone,Bob Dylan,1965,1,1,3
Positively 4th Street,Bob Dylan,1965,1,1,3
Just Like A Woman,Bob Dylan,1966,1,1,1
Subterranean Homesick Blues,Bob Dylan,1965,1,1,1
Jamming,Bob Marley,,1,0,5
One Love,Bob Marley,1977,1,1,2
Stir It Up,Bob Marley,,1,0,2
Exodus,Bob Marley,,1,0,1
"No Woman, No Cry",Bob Marley,1975,1,1,1
Three Little Birds,Bob Marley,,1,0,1
Turn The Page,Bob Seger,1973,1,1,91
Night Moves,Bob Seger,1976,1,1,47
Hollywood Nights,Bob Seger,1978,1,1,43
Old Time Rock & Roll,Bob Seger,1978,1,1,42
Against The Wind,Bob Seger,1980,1,1,39
Her Strut,Bob Seger,1980,1,1,29
Rock And Roll Never Forgets,Bob Seger,1977,1,1,24
The Fire Down Below,Bob Seger,,1,0,18
Still the Same,Bob Seger,1978,1,1,15
Ramblin' Gamblin' Man,Bob Seger,1968,1,1,12
Katmandu,Bob Seger,1975,1,1,7
Mainstreet,Bob Seger,1977,1,1,7
Feel Like a Number,Bob Seger,,1,0,6
Roll Me Away,Bob Seger,,1,0,5
Sunspot Baby,Bob Seger,,1,0,5
Come to Poppa,Bob Seger,,1,0,4
Travelin' Man,Bob Seger,,1,0,4
Horizontal Bop,Bob Seger,,1,0,2
Betty Lou's Gettin' Out Tonigh,Bob Seger,,1,0,1
Fire Down Below,Bob Seger,1977,1,1,1
Get Out of Denver,Bob Seger,,1,0,1
Turn On Your Love Light,Bob Seger,,1,0,1
We've Got Tonite,Bob Seger,1978,1,1,1
You'll Accompany Me,Bob Seger,,1,0,1
Hypnotized,Bob Welch,,1,0,2
Wanted Dead or Alive,Bon Jovi,1986,1,1,87
Livin' On A Prayer,Bon Jovi,1986,1,1,74
You Give Love A Bad Name,Bon Jovi,1986,1,1,63
Runaway,Bon Jovi,1984,1,1,41
Blaze of Glory,Bon Jovi,1990,1,1,8
Bad Medicine,Bon Jovi,1988,1,1,7
Lay Your Hands On Me,Bon Jovi,1988,1,1,2
She Don't Know Me,Bon Jovi,,1,0,2
Born To Be My Baby,Bon Jovi,1989,1,1,1
Raise Your Hands,Bon Jovi,,1,0,1
Wait For You,Bonham,,1,0,1
Green Onions,Booker T. and the MG's,1962,1,1,4
More Than a Feeling,Boston,1976,1,1,134
Peace of Mind,Boston,1976,1,1,132
Foreplay (Long Time),Boston,1976,1,1,94
Don't Look Back,Boston,1978,1,1,86
Rock & Roll Band,Boston,1976,1,1,59
Feelin' Satisfied,Boston,,1,0,44
Smokin',Boston,1976,1,1,33
Something About You,Boston,,1,0,26
Let Me Take You Home Tonight,Boston,1976,1,1,22
Hitch A Ride,Boston,1976,1,1,11
Party,Boston,,1,0,7
Amanda,Boston,1986,1,1,4
Cool The Engines,Boston,,1,0,4
A Man I'll Never Be,Boston,,1,0,1
The Journey/It's Easy,Boston,,1,0,1
Used To Bad News,Boston,,1,0,1
We're Ready,Boston,,1,0,1
Lido Shuffle,Boz Scaggs,1976,1,1,11
Lowdown,Boz Scaggs,1976,1,1,1
Tarkio Road,Brewer & Shipley,,1,0,1
The Way It Is,Bruce Hornsby & The Range,1986,1,1,7
Born To Run,Bruce Springsteen,1975,1,1,31
Glory Days,Bruce Springsteen,1984,1,1,21
Born In the U.S.A.,Bruce Springsteen,1984,1,1,14
I'm On Fire,Bruce Springsteen,1984,1,1,14
Dancing In the Dark,Bruce Springsteen,1984,1,1,10
Pink Cadillac,Bruce Springsteen,1984,1,1,9
Hungry Heart,Bruce Springsteen,1980,1,1,7
Thunder Road,Bruce Springsteen,1975,1,1,7
Rosalita (Come Out Tonight),Bruce Springsteen,1973,1,1,5
Spirit In The Night,Bruce Springsteen,1973,1,1,5
Tenth Avenue Freeze-Out,Bruce Springsteen,1975,1,1,4
Badlands,Bruce Springsteen,1978,1,1,2
Jungleland,Bruce Springsteen,1975,1,1,2
Prove It All Night,Bruce Springsteen,1978,1,1,2
Atlantic City,Bruce Springsteen,1982,1,1,1
Backstreets,Bruce Springsteen,1975,1,1,1
Blinded By the Light,Bruce Springsteen,1973,1,1,1
Cover Me,Bruce Springsteen,1984,1,1,1
Growin' Up,Bruce Springsteen,1973,1,1,1
It's Hard to Be a Saint in the City,Bruce Springsteen,1973,1,1,1
Jersey Girl,Bruce Springsteen,,1,0,1
Racing in the Streets,Bruce Springsteen,1978,1,1,1
She's The One,Bruce Springsteen,1975,1,1,1
Summer Of '69,Bryan Adams,1984,1,1,52
Run to You,Bryan Adams,1984,1,1,42
Cuts Like a Knife,Bryan Adams,1983,1,1,17
Heaven,Bryan Adams,1984,1,1,4
Somebody,Bryan Adams,1984,1,1,1
Sorry,Buckcherry,2007,1,1,1
For What It's Worth,Buffalo Springfield,1966,1,1,40
Rock & Roll Woman,Buffalo Springfield,,1,0,21
Mr. Soul,Buffalo Springfield,1967,1,1,1
Comedown,Bush,1994,1,1,5
Machinehead,Bush,1994,1,1,3
Far Behind,Candlebox,1993,1,1,3
Goin' up the Country,Canned Heat,1968,1,1,2
On the Road Again,Canned Heat,1968,1,1,1
IT'S TOO LATE,Carole King,1971,1,1,1
WILD WORLD,Cat Stevens,1971,1,1,2
Oh Very Young,Cat Stevens,,1,0,1
The Devil Went Down To Georgia,Charlie Daniels Band,1979,1,1,25
Long Haired Country Boy,Charlie Daniels Band,1975,1,1,5
Uneasy Rider,Charlie Daniels Band,1973,1,1,2
In America,Charlie Daniels Band,1980,1,1,1
The Legend Of Wooley Swamp,Charlie Daniels Band,,1,0,1
The South's Gonna Do It Again,Charlie Daniels Band,1975,1,1,1
I Want You to Want Me,Cheap Trick,1977,1,1,110
Surrender,Cheap Trick,1978,1,1,57
Ain't That a Shame,Cheap Trick,,1,0,8
Dream Police,Cheap Trick,,1,0,5
She's Tight,Cheap Trick,,1,0,1
Take Out The Gunman,Chevelle,2014,1,1,4
25 Or 6 To 4,Chicago,1970,1,1,14
Feeling Stronger Every,Chicago,1973,1,1,2
Saturday In the Park,Chicago,1972,1,1,2
Beginnings,Chicago,,1,0,1
I'm a Man,Chicago,,1,0,1
JUST YOU AND ME,Chicago,,1,0,1
Make Me Smile,Chicago,1970,1,1,1
Questions 67 and 68,Chicago,1969,1,1,1
South California Purples,Chicago,,1,0,1
JOHNNY B. GOODE,Chuck Berry,1958,1,1,2
Nobody's Fool,Cinderella,1986,1,1,9
Don't Know What You Got,Cinderella,1988,1,1,3
Coming Home,Cinderella,1988,1,1,1
Gypsy Road,Cinderella,1988,1,1,1
Somebody Save Me,Cinderella,1986,1,1,1
The River,Clarks,,1,0,5
Cigarette,Clarks,,1,0,4
Better Off Without You,Clarks,,1,0,2
Born Too Late,Clarks,,1,0,2
Maybe,Clarks,,1,0,2
Hey You,Clarks,,1,0,1
Penny On The Floor,Clarks,,1,0,1
Shine,Collective Soul,1993,1,1,20
December,Collective Soul,,1,0,8
The World I Know,Collective Soul,1995,1,1,1
Hot Rod Lincoln,Commander Cody,1971,1,1,2
Monkey Bars,Coney Hatch,,1,0,1
Mr. Jones,Counting Crows,1993,1,1,2
Low,Cracker,1993,1,1,2
White Room,Cream,1968,1,1,68
Crossroads,Cream,1968,1,1,22
Badge,Cream,1969,1,1,13
Sunshine of Your Love,Cream,1967,1,1,11
Born Under A Bad Sign,Cream,,1,0,9
I'm So Glad,Cream,1966,1,1,1
Tales Of Brave Ulysses,Cream,1967,1,1,1
Higher,Creed,1999,1,1,4
My Sacrifice,Creed,,1,0,2
With Arms Wide Open,Creed,1999,1,1,1
Have You Ever Seen the Rain?,Creedence Clearwater Revival,1971,1,1,57
Proud Mary,Creedence Clearwater Revival,1969,1,1,48
Fortunate Son,Creedence Clearwater Revival,1970,1,1,33
Bad Moon Rising,Creedence Clearwater Revival,1969,1,1,32
Down On the Corner,Creedence Clearwater Revival,1969,1,1,30
Born On the Bayou,Creedence Clearwater Revival,1969,1,1,25
Who'll Stop the Rain,Creedence Clearwater Revival,1970,1,1,24
Lookin' Out My Back Door,Creedence Clearwater Revival,1970,1,1,20
Run Through the Jungle,Creedence Clearwater Revival,1970,1,1,14
Travelin' Band,Creedence Clearwater Revival,1970,1,1,12
Up Around the Bend,Creedence Clearwater Revival,1970,1,1,10
I Heard It Through the Grapevine,Creedence Clearwater Revival,,1,0,8
Suzie Q,Creedence Clearwater Revival,1968,1,1,8
Lodi,Creedence Clearwater Revival,1969,1,1,5
Green River,Creedence Clearwater Revival,1969,1,1,3
Commotion,Creedence Clearwater Revival,,1,0,1
Sweet Hitch Hiker,Creedence Clearwater Revival,1971,1,1,1
The Midnight Special,Creedence Clearwater Revival,,1,0,1
Suite: Judy Blue Eyes,"Crosby, Stills & Nash",1969,1,1,10
Southern Cross,"Crosby, Stills & Nash",1982,1,1,9
Fire Woman,"Crosby, Stills & Nash",,1,0,1
Helplessly Hoping,"Crosby, Stills & Nash",1969,1,1,1
Long Time Gone,"Crosby, Stills & Nash",1969,1,1,1
Woodstock,"Crosby, Stills, Nash & Young",1970,1,1,37
Carry On,"Crosby, Stills, Nash & Young",1970,1,1,6
Ohio,"Crosby, Stills, Nash & Young",1970,1,1,6
(I Just) Died in Your Arms,Cutting Crew,1986,1,1,3
High Enough,Damn Yankees,1990,1,1,1
I HEAR YOU KNOCKING,Dave Edmunds,1970,1,1,1
Headkeeper,Dave Mason,,1,0,1
Only You Know And I Know,Dave Mason,,1,0,1
We Just Disagree,Dave Mason,1977,1,1,1
Welcome To The Boomtown,David & David,1986,1,1,1
Fame,David Bowie,1975,1,1,59
Space Oddity,David Bowie,1969,1,1,47
Rebel Rebel,David Bowie,1974,1,1,43
Changes,David Bowie,1971,1,1,33
Young Americans,David Bowie,1975,1,1,26
Let's Dance,David Bowie,1983,1,1,20
Suffragette City,David Bowie,1972,1,1,18
Fashion,David Bowie,1980,1,1,17
Golden Years,David Bowie,1975,1,1,10
Modern Love,David Bowie,1983,1,1,10
Ziggy Stardust,David Bowie,1972,1,1,7
China Girl,David Bowie,1983,1,1,5
Jean Genie,David Bowie,,1,0,5
Heroes,David Bowie,1977,1,1,3
Diamond Dogs,David Bowie,1974,1,1,1
Friday on My Mind,David Bowie,,1,0,1
Panic in Detroit,David Bowie,,1,0,1
Starman,David Bowie,1972,1,1,1
Stay,David Bowie,,1,0,1
Rock On,David Essex,1974,1,1,33
There's No Way Out Of Here,David Essex,,1,0,1
There's No Way Out Of Here,David Gilmour,,1,0,3
Frenchette,David Johansen,,1,0,1
Just A Gigolo / I Ain't Got Nobody,David Lee Roth,1985,1,1,8
Yankee Rose,David Lee Roth,1986,1,1,8
California Girls,David Lee Roth,,1,0,2
Smoke On The Water,Deep Purple,1972,1,1,43
Woman From Tokyo,Deep Purple,,1,0,42
Highway Star,Deep Purple,1972,1,1,22
Space Truckin',Deep Purple,,1,0,22
Hush,Deep Purple,1968,1,1,14
Kentucky Woman,Deep Purple,1968,1,1,2
Perfect Strangers,Deep Purple,,1,0,2
Burn,Deep Purple,1974,1,1,1
Child In Time,Deep Purple,1970,1,1,1
Knocking At Your Backdoo,Deep Purple,1984,1,1,1
Lazy,Deep Purple,1972,1,1,1
Photograph,Def Leppard,1983,1,1,88
Foolin',Def Leppard,,1,0,71
Pour Some Sugar On Me,Def Leppard,1987,1,1,70
Rock of Ages,Def Leppard,1983,1,1,65
Animal,Def Leppard,1987,1,1,35
Bringin' On The Heartbreak,Def Leppard,,1,0,35
Too Late for Love,Def Leppard,,1,0,27
Love Bites,Def Leppard,1987,1,1,25
Hysteria,Def Leppard,1987,1,1,24
Armageddon It,Def Leppard,1987,1,1,23
Rocket,Def Leppard,1987,1,1,15
On Through The Night,Def Leppard,,1,0,1
Rock Rock,Def Leppard,,1,0,1
Enjoy the Silence,Depeche Mode,1990,1,1,2
Layla,Derek & The Dominos,1970,1,1,99
Bell Bottom Blues,Derek & The Dominos,1970,1,1,4
Have You Ever Loved a Woman,Derek & The Dominos,,1,0,1
Recognition,Detective,,1,0,1
ANGELOS,Dick Siegel,,1,0,1
Rainbow In the Dark,Dio,,1,0,22
The Last In Line,Dio,,1,0,18
Holy Diver,Dio,,1,0,7
Sultans of Swing,Dire Straits,1978,1,1,79
Money for Nothing,Dire Straits,1985,1,1,56
So Far Away,Dire Straits,1985,1,1,25
Industrial Disease,Dire Straits,1982,1,1,21
Walk of Life,Dire Straits,1985,1,1,15
Brothers In Arms,Dire Straits,1985,1,1,14
Down To The Waterline,Dire Straits,1978,1,1,12
Expresso Love,Dire Straits,1980,1,1,10
Romeo And Juliet,Dire Straits,1980,1,1,8
Solid Rock,Dire Straits,,1,0,4
Lady Writer,Dire Straits,1979,1,1,2
Counting Blue Cars,Dishwalla,1995,1,1,3
Drift Away,Dobie Gray,1973,1,1,22
In My Dreams,Dokken,,1,0,4
Alone Again,Dokken,,1,0,1
Into The Fire,Dokken,,1,0,1
Heavy Metal,Don Felder,1981,1,1,12
The Boys Of Summer,Don Henley,1985,1,1,73
Dirty Laundry,Don Henley,1982,1,1,37
The Heart of the Matter,Don Henley,1989,1,1,11
All She Wants to Do Is Dance,Don Henley,1985,1,1,10
Sunset Grill,Don Henley,1985,1,1,6
The Last Worthless Evening,Don Henley,,1,0,1
American Pie,Don McLean,1971,1,1,21
Ah! Leah!,Donnie Iris,1980,1,1,13
Love Is Like A Rock,Donnie Iris,1981,1,1,1
Season of the Witch,Donovan,1966,1,1,1
Sunshine Superman,Donovan,1966,1,1,1
COVER OF THE ROLLING STONE,Dr. Hook & the Medicine Show,,1,0,2
Right Place Wrong Time,Dr. John,1973,1,1,2
"Anything, Anything",Dramarama,,1,0,2
Rio,Duran Duran,1982,1,1,1
Hotel California,Eagles,1976,1,1,109
Life in the Fast Lane,Eagles,1976,1,1,86
Take It Easy,Eagles,1972,1,1,75
Already Gone,Eagles,1974,1,1,71
The Long Run,Eagles,1979,1,1,50
One of These Nights,Eagles,1975,1,1,48
In The City,Eagles,1979,1,1,44
Take It to the Limit,Eagles,1975,1,1,39
Heartache Tonight,Eagles,1979,1,1,30
Lyin' Eyes,Eagles,1975,1,1,27
Peaceful Easy Feeling,Eagles,1972,1,1,16
Seven Bridges Road,Eagles,1980,1,1,14
Those Shoes,Eagles,1979,1,1,14
Witchy Woman,Eagles,1972,1,1,14
Desperado,Eagles,1973,1,1,5
Victim of Love,Eagles,1976,1,1,5
Tequila Sunrise,Eagles,1973,1,1,4
The Best of My Love,Eagles,1974,1,1,4
I Can't Tell You Why,Eagles,1979,1,1,2
New Kid In Town,Eagles,1976,1,1,2
Two Tickets To Paradise,Eddie Money,,1,0,59
Shakin',Eddie Money,,1,0,56
Take Me Home Tonight,Eddie Money,1986,1,1,35
Baby Hold On,Eddie Money,1977,1,1,26
Think I'm In Love,Eddie Money,,1,0,22
Gimme Some Water,Eddie Money,,1,0,8
Frankenstein,Edgar Winter Group,,1,0,58
Free Ride,Edgar Winter Group,1973,1,1,26
WAR,Edwin Starr,1970,1,1,2
Don't Bring Me Down,Electric Light Orchestra,1979,1,1,85
Evil Woman,Electric Light Orchestra,1975,1,1,42
Do Ya,Electric Light Orchestra,,1,0,27
Fire On High,Electric Light Orchestra,1975,1,1,18
Livin' Thing,Electric Light Orchestra,1976,1,1,12
Strange Magic,Electric Light Orchestra,1985,1,1,5
Turn To Stone,Electric Light Orchestra,1978,1,1,5
Roll Over Beethoven,Electric Light Orchestra,,1,0,3
Sweet Talkin' Woman,Electric Light Orchestra,1978,1,1,3
CAN'T GET IT OUT OF MY HEAD,Electric Light Orchestra,1974,1,1,1
Telephone Line,Electric Light Orchestra,,1,0,1
Rocket Man,Elton John,1972,1,1,68
Bennie And The Jets,Elton John,1973,1,1,62
Tiny Dancer,Elton John,1971,1,1,51
Saturday Night's Alright for Fighting,Elton John,1973,1,1,34
Goodbye Yellow Brick Road,Elton John,1973,1,1,27
Your Song,Elton John,1970,1,1,17
Candle in the Wind,Elton John,1973,1,1,14
Levon,Elton John,1971,1,1,8
Crocodile Rock,Elton John,1972,1,1,7
Funeral for a Friend (Love Lies Bleeding),Elton John,1973,1,1,5
DANIEL,Elton John,1973,1,1,4
Someone Saved My Life Tonight,Elton John,1975,1,1,4
Honky Cat,Elton John,1972,1,1,2
All The Girls Love Alice,Elton John,1973,1,1,1
Captain Fantastic,Elton John,1975,1,1,1
Don't Let The Sun Go Down On Me,Elton John,1974,1,1,1
Harmony,Elton John,1973,1,1,1
Madman Across The Water,Elton John,1971,1,1,1
Take Me to the Pilot,Elton John,,1,0,1
Teacher I Need You,Elton John,,1,0,1
THE BITCH IS BACK,Elton John,1974,1,1,1
Where To Now St. Peter,Elton John,1970,1,1,1
Fooled around and Fell in Love,Elvin Bishop,1975,1,1,1
Alison,Elvis Costello,1977,1,1,13
Veronica,Elvis Costello,1989,1,1,8
Pump It Up,Elvis Costello,1978,1,1,3
Karn Evil 9,"Emerson, Lake & Palmer",1973,1,1,11
Lucky Man,"Emerson, Lake & Palmer",1970,1,1,8
From the Beginning,"Emerson, Lake & Palmer",1972,1,1,1
Hoedown,"Emerson, Lake & Palmer",,1,0,1
Still You Turn Me On,"Emerson, Lake & Palmer",1973,1,1,1
Cocaine,Eric Clapton,1977,1,1,84
I Shot The Sheriff,Eric Clapton,1974,1,1,39
Let It Rain,Eric Clapton,1970,1,1,24
After Midnight,Eric Clapton,1970,1,1,16
Knockin' On Heaven's Door,Eric Clapton,,1,0,16
Wonderful Tonight,Eric Clapton,1977,1,1,15
Bad Love,Eric Clapton,1989,1,1,14
It's In The Way That You Use It,Eric Clapton,1986,1,1,10
Lay Down Sally,Eric Clapton,1977,1,1,10
Forever Man,Eric Clapton,1985,1,1,9
I Can't Stand It,Eric Clapton,1981,1,1,9
Pretending,Eric Clapton,1989,1,1,6
Let It Grow,Eric Clapton,1974,1,1,4
Call Me the Breeze,Eric Clapton,,1,0,3
I've Got a Rock 'N' Roll Heart,Eric Clapton,,1,0,3
She's Waiting,Eric Clapton,1985,1,1,3
"Don't Think Twice, It's Alright",Eric Clapton,,1,0,1
Tears In Heaven,Eric Clapton,,1,0,1
The Core,Eric Clapton,1977,1,1,1
Willie and the Hand Jive,Eric Clapton,,1,0,1
Layla,Eric Clapton,,1,0,0
Cliffs Of Dover,Eric Johnson,1990,1,1,2
The Final Countdown,Europe,1986,1,1,5
Sweet Dreams (Are Made of This),Eurythmics,1982,1,1,2
Inside Out,Eve 6,,1,0,1
Santa Monica,Everclear,1996,1,1,2
The Boys Are Back In Town,Everclear,,1,0,1
What It's Like,Everlast,1999,1,1,4
More Than Words,Extreme,1991,1,1,1
Mutha (Don't Wanna Go To School Today),Extreme,,1,0,1
Stay With Me,Faces,1971,1,1,19
Ooh La La,Faces,1973,1,1,1
Epic,Faith No More,1989,1,1,3
House Of Pain,Faster Pussycat,1990,1,1,1
All The Kings Horses,Firm,,1,0,1
Signs,Five Man Electrical Band,1970,1,1,10
Go Your Own Way,Fleetwood Mac,1977,1,1,77
Gypsy,Fleetwood Mac,1982,1,1,67
The Chain,Fleetwood Mac,1977,1,1,65
Dreams,Fleetwood Mac,1977,1,1,53
Don't Stop,Fleetwood Mac,1977,1,1,50
Rhiannon,Fleetwood Mac,1975,1,1,48
Gold Dust Woman,Fleetwood Mac,1977,1,1,37
You Make Loving Fun,Fleetwood Mac,1977,1,1,31
Monday Morning,Fleetwood Mac,1975,1,1,30
Landslide,Fleetwood Mac,1975,1,1,29
Oh Well,Fleetwood Mac,1969,1,1,10
Say You Love Me,Fleetwood Mac,,1,0,9
Tusk,Fleetwood Mac,1979,1,1,6
World Turning,Fleetwood Mac,,1,0,6
Second Hand News,Fleetwood Mac,1977,1,1,4
I Don't Want To Know,Fleetwood Mac,1977,1,1,3
Hypnotized,Fleetwood Mac,1973,1,1,2
Blue Letter,Fleetwood Mac,,1,0,1
Hold Me,Fleetwood Mac,1982,1,1,1
I'm So Afraid,Fleetwood Mac,,1,0,1
Little Lies,Fleetwood Mac,1987,1,1,1
Never Going Back Again,Fleetwood Mac,1977,1,1,1
Sara,Fleetwood Mac,1980,1,1,1
Sentimental Lady,Fleetwood Mac,,1,0,1
Hocus Pocus,Focus,1971,1,1,6
Slow Ride,Foghat,1975,1,1,77
Fool For The City,Foghat,1975,1,1,26
I Just Want To Make Love To You,Foghat,,1,0,25
Dreamer,Foghat,,1,0,2
Learn To Fly,Foo Fighters,1999,1,1,10
My Hero,Foo Fighters,1997,1,1,7
Everlong,Foo Fighters,1997,1,1,6
Monkey Wrench,Foo Fighters,1997,1,1,3
All My Life,Foo Fighters,2002,1,1,2
These Days,Foo Fighters,2011,1,1,2
Baker Street,Foo Fighters,,1,0,1
Best of You,Foo Fighters,2005,1,1,1
The Pretender,Foo Fighters,2007,1,1,1
Times Like These,Foo Fighters,2002,1,1,1
Cold As Ice,Foreigner,1977,1,1,102
Double Vision,Foreigner,1978,1,1,83
Hot Blooded,Foreigner,1978,1,1,82
Feels Like the First Time,Foreigner,1977,1,1,75
Juke Box Hero,Foreigner,1981,1,1,75
Urgent,Foreigner,1981,1,1,61
"Blue Morning, Blue Day",Foreigner,,1,0,52
Head Games,Foreigner,,1,0,43
"Long, Long Way From Home",Foreigner,,1,0,34
Dirty White Boy,Foreigner,1979,1,1,17
Waiting for a Girl Like You,Foreigner,1981,1,1,5
I Want to Know What Love Is,Foreigner,1984,1,1,4
That Was Yesterday,Foreigner,1984,1,1,4
Love Has Taken Its Toll,Foreigner,,1,0,1
Starrider,Foreigner,,1,0,1
Women,Foreigner,,1,0,1
Joe's Garage,Frank Zappa,1979,1,1,1
Peaches En Regalia,Frank Zappa,,1,0,1
All Right Now,Free,1970,1,1,97
Hemorrhage,Free,,1,0,1
Wishing Well,Free,1973,1,1,1
Maggot Brain,Funkadelic,1971,1,1,1
CARS,Gary Numan,1979,1,1,1
Dream Weaver,Gary Wright,1975,1,1,9
Love Is Alive,Gary Wright,,1,0,2
Abacab,Genesis,1981,1,1,35
That's All,Genesis,1983,1,1,35
Just A Job To Do,Genesis,,1,0,29
Misunderstanding,Genesis,1980,1,1,23
The Lamb Lies Down On Broadway,Genesis,1974,1,1,23
Turn It On Again,Genesis,1980,1,1,23
Follow You Follow Me,Genesis,1978,1,1,18
No Reply At All,Genesis,1981,1,1,18
Land Of Confusion,Genesis,1986,1,1,17
Mama,Genesis,1983,1,1,17
Man On The Corner,Genesis,1981,1,1,12
Behind The Lines,Genesis,,1,0,2
A Trick of the Tail,Genesis,1976,1,1,1
Carpet Crawlers,Genesis,,1,0,1
Home by the Sea/Second Home by the Sea,Genesis,1983,1,1,1
Tonight Tonight (live),Genesis,1986,1,1,1
My Sweet Lord,George Harrison,1970,1,1,6
Give Me Love,George Harrison,1973,1,1,3
GOT MY MIND SET ON YOU,George Harrison,1987,1,1,1
Bad to the Bone,George Thorogood,1982,1,1,63
Who Do You Love,George Thorogood,,1,0,37
I Drink Alone,George Thorogood,1985,1,1,33
"One Bourbon, One Scotch, One Beer",George Thorogood,,1,0,23
Move It On Over,George Thorogood,,1,0,14
It Wasn't Me,George Thorogood,,1,0,6
Delaware Slide,George Thorogood,,1,0,1
Get A Haircut,George Thorogood,,1,0,1
Keep Your Hands To Yourself,Georgia Satellites,1986,1,1,17
Baker Street,Gerry Rafferty,1978,1,1,16
Right Down the Line,Gerry Rafferty,1978,1,1,8
Hey Jealousy,Gin Blossoms,1992,1,1,3
Found Out About You,Gin Blossoms,1993,1,1,1
Smuggler's Blues,Glenn Frey,1984,1,1,3
You Belong to the City,Glenn Frey,1985,1,1,2
Marakesh Express,Gold Star Ballroom Orchestra,,1,0,2
Twilight Zone,Golden Earring,1983,1,1,75
Radar Love,Golden Earring,1973,1,1,66
Are You Receiving Me,Golden Earring,1973,1,1,1
Sundown,Gordon Lightfoot,1974,1,1,7
Soulshine,Gov't Mule,,1,0,3
We're an American Band,Grand Funk Railroad,1973,1,1,25
Some Kind of Wonderful,Grand Funk Railroad,1975,1,1,14
Loco-Motion,Grand Funk Railroad,1974,1,1,9
Closer To Home (I'm Your Captain),Grand Funk Railroad,1970,1,1,8
Bad Time,Grand Funk Railroad,1974,1,1,1
Shinin' On,Grand Funk Railroad,1974,1,1,1
Touch of Grey,Grateful Dead,1987,1,1,26
Truckin',Grateful Dead,1970,1,1,19
Uncle John's Band,Grateful Dead,1969,1,1,9
Casey Jones,Grateful Dead,1970,1,1,3
Sugar Magnolia,Grateful Dead,1970,1,1,3
Friend Of The Devil,Grateful Dead,1970,1,1,2
Scarlet Begonias,Grateful Dead,,1,0,2
Shakedown Street,Grateful Dead,,1,0,2
U.S. Blues,Grateful Dead,,1,0,2
Alabama Getaway,Grateful Dead,,1,0,1
Black-Throated Wind,Grateful Dead,,1,0,1
CHINA TOWN SHUFFLE,Grateful Dead,,1,0,1
Hell in a Bucket,Grateful Dead,,1,0,1
Loser,Grateful Dead,,1,0,1
Me and Bobby McGee,Grateful Dead,,1,0,1
NOT FADEAWAY/GOING /AWAY,Grateful Dead,,1,0,1
Turn On Your Lovelight,Grateful Dead,,1,0,1
"Once Bitten, Twice Shy",Great White,1989,1,1,12
Rock Me,Great White,,1,0,4
Mista Bone,Great White,,1,0,1
Rollin' Stoned,Great White,,1,0,1
Save Your Love,Great White,,1,0,1
When I Come Around,Green Day,1994,1,1,14
Good Riddance (Time Of Your Life),Green Day,1997,1,1,10
Boulevard Of Broken Dreams,Green Day,2004,1,1,6
Basket Case,Green Day,1994,1,1,5
Holiday / Boulevard of Broken Dreams,Green Day,2004,1,1,5
Holiday (Live),Green Day,2004,1,1,4
Longview,Green Day,1994,1,1,2
Brain Stew/Jaded,Green Day,1995,1,1,1
The Break Up Song,Greg Kihn Band,1981,1,1,49
I'm No Angel,Gregg Allman,1987,1,1,17
Midnight Rider,Gregg Allman,1970,1,1,6
American Woman,Guess Who,1970,1,1,80
No Sugar Tonight / New Mother Nature,Guess Who,1970,1,1,11
No Time,Guess Who,,1,0,4
Friends Of Mine,Guess Who,,1,0,1
THESE EYES,Guess Who,1969,1,1,1
Sweet Child O' Mine,Guns N' Roses,1987,1,1,85
Paradise City,Guns N' Roses,1987,1,1,75
Welcome to the Jungle,Guns N' Roses,1987,1,1,74
Knockin' On Heaven's Door,Guns N' Roses,,1,0,31
Live and Let Die,Guns N' Roses,,1,0,29
Patience,Guns N' Roses,1988,1,1,21
November Rain,Guns N' Roses,1991,1,1,13
You Could Be Mine,Guns N' Roses,,1,0,4
Don't Cry,Guns N' Roses,,1,0,3
Civil War,Guns N' Roses,1991,1,1,1
Mr. Brownstone,Guns N' Roses,1987,1,1,1
My Michelle,Guns N' Roses,1987,1,1,1
Used To Love Her,Guns N' Roses,1988,1,1,1
AS FAR AS YOU CAN SEE (AS MU,Gypsy,,1,0,1
Axel F Theme,Harold Faltermeyer,1984,1,1,1
Cat's In The Cradle,Harry Chapin,1974,1,1,4
W*O*L*D*,Harry Chapin,1974,1,1,1
Jump into the Fire,Harry Nilsson,,1,0,3
Never Been Any Reason,Head East,1975,1,1,16
Crazy On You,Heart,1976,1,1,125
Magic Man,Heart,1976,1,1,115
Barracuda,Heart,1977,1,1,113
Straight On,Heart,1978,1,1,36
Even It Up,Heart,,1,0,8
Kick It Out,Heart,,1,0,7
Alone,Heart,1987,1,1,4
Nothin' at All,Heart,,1,0,4
Stairway To Heaven,Heart,,1,0,4
Dog & Butterfly,Heart,,1,0,3
Dreamboat Annie,Heart,1976,1,1,3
Heartless,Heart,,1,0,3
Never,Heart,,1,0,3
What About Love?,Heart,,1,0,3
All I Wanna Do Is Make Love to You,Heart,,1,0,2
How Can I Refuse,Heart,1983,1,1,2
If Looks Could Kill,Heart,,1,0,2
Tell It Like It Is,Heart,,1,0,2
Who Will You Run To,Heart,,1,0,2
Bebe le Strange,Heart,,1,0,1
Little Queen,Heart,,1,0,1
Love Alive,Heart,,1,0,1
Mistral Wind,Heart,,1,0,1
Rock And Roll,Heart,,1,0,1
House Of Living,Heartsfield,,1,0,1
Sangre Por Sangre,HellYeah,,1,0,4
Grey Ghost,Henry Paul Band,1979,1,1,1
Long Cool Woman,Hollies,1971,1,1,39
New Girl Now,Honeymoon Suite,,1,0,2
ALL YOU ZOMBIES,Hooters,1985,1,1,4
AND WE DANCED,Hooters,1985,1,1,4
I Want A New Drug,Huey Lewis & The News,1983,1,1,4
30 Days In the Hole,Humble Pie,1972,1,1,2
Lust for Life,Iggy Pop,1977,1,1,4
The Passenger,Iggy Pop,1977,1,1,1
Radioactive,Imagine Dragons,2012,1,1,3
What You Need,INXS,1985,1,1,28
Need You Tonight,INXS,1987,1,1,12
Devil Inside,INXS,1988,1,1,5
New Sensation,INXS,,1,0,2
In A Gadda Da Vida,Iron Butterfly,1968,1,1,1
Run To The Hills,Iron Maiden,1982,1,1,27
The Number Of The Beast,Iron Maiden,1982,1,1,18
Wasted Years,Iron Maiden,1986,1,1,8
The Trooper,Iron Maiden,1983,1,1,3
Flight Of Icarus,Iron Maiden,1983,1,1,1
Centerfold,J. Geils Band,1981,1,1,78
Give It To Me,J. Geils Band,1973,1,1,28
Freeze-frame,J. Geils Band,1981,1,1,17
Love Stinks,J. Geils Band,,1,0,10
Must of Got Lost,J. Geils Band,,1,0,10
Whammer Jammer,J. Geils Band,,1,0,2
Houseparty,J. Geils Band,,1,0,1
Looking For A Love,J. Geils Band,,1,0,1
Night Time,J. Geils Band,,1,0,1
Running On Empty,Jackson Browne,1977,1,1,39
The Load-out/stay,Jackson Browne,1977,1,1,21
Doctor My Eyes,Jackson Browne,1972,1,1,9
Somebody's Baby,Jackson Browne,1982,1,1,7
Boulevard,Jackson Browne,,1,0,5
Take It Easy,Jackson Browne,,1,0,5
Load Out/Stay,Jackson Browne,1977,1,1,2
Redneck Friend,Jackson Browne,1973,1,1,1
The Road and the Sky,Jackson Browne,1977,1,1,1
Funk #49,James Gang,1970,1,1,18
Walk Away,James Gang,,1,0,10
YOU'VE GOT A FRIEND,JAMES TAYLOR,1971,1,1,1
Been Caught Stealing,Jane's Addiction,1990,1,1,3
Jane Says,Jane's Addiction,1988,1,1,1
Piece of My Heart,Janis Joplin,1968,1,1,28
Me and Bobby McGee,Janis Joplin,1971,1,1,23
Summertime,Janis Joplin,,1,0,3
Move Over,Janis Joplin,1971,1,1,2
Get It While You Can,Janis Joplin,1971,1,1,1
Thunder Island,Jay Ferguson,1978,1,1,3
Shakedown Cruise,Jay Ferguson,,1,0,1
Freeway Jam,Jeff Beck,1975,1,1,1
Rice Pudding,Jeff Beck,,1,0,1
White Rabbit,Jefferson Airplane,1967,1,1,23
Somebody to Love,Jefferson Airplane,1967,1,1,13
Jane,Jefferson Starship,1979,1,1,32
Find Your Way Back,Jefferson Starship,,1,0,20
We Built This City,Jefferson Starship,1985,1,1,3
Ride the Tiger,Jefferson Starship,,1,0,1
Right Here Right Now,Jesus Jones,1991,1,1,3
Cold Hard Bitch,Jet,2004,1,1,2
Are You Gonna Be My Girl,Jet,2003,1,1,1
Locomotive Breath,Jethro Tull,1971,1,1,53
Aqualung,Jethro Tull,1971,1,1,21
Bungle In The Jungle,Jethro Tull,1974,1,1,19
Teacher,Jethro Tull,1972,1,1,17
Thick As A Brick,Jethro Tull,,1,0,15
Living In The Past,Jethro Tull,1969,1,1,13
Cross-eyed Mary,Jethro Tull,1971,1,1,12
Too Old To Rock 'n' Roll,Jethro Tull,,1,0,10
Nothing Is Easy,Jethro Tull,,1,0,2
Hymn 43,Jethro Tull,,1,0,1
TIME IN A BOTTLE,Jim Croce,1972,1,1,1
All Along the Watchtower,Jimi Hendrix,1968,1,1,141
Purple Haze,Jimi Hendrix,1967,1,1,67
Fire,Jimi Hendrix,1967,1,1,63
Hey Joe,Jimi Hendrix,1966,1,1,51
Foxey Lady,Jimi Hendrix,1967,1,1,50
The Wind Cries Mary,Jimi Hendrix,1967,1,1,21
Crosstown Traffic,Jimi Hendrix,1968,1,1,8
Manic Depression,Jimi Hendrix,1967,1,1,7
Little Wing,Jimi Hendrix,1967,1,1,6
Are You Experienced?,Jimi Hendrix,1967,1,1,4
Red House,Jimi Hendrix,1967,1,1,4
Stone Free,Jimi Hendrix,1966,1,1,4
Dolly Dagger,Jimi Hendrix,1970,1,1,3
Third Stone From The Sun,Jimi Hendrix,1967,1,1,2
Voodoo Child (Slight Return),Jimi Hendrix,1968,1,1,2
Angel,Jimi Hendrix,1971,1,1,1
If 6 Was 9,Jimi Hendrix,,1,0,1
Like a Rolling Stone,Jimi Hendrix,,1,0,1
Margaritaville,Jimmy Buffett,1977,1,1,17
Why Don't We Get Drunk,Jimmy Buffett,1973,1,1,2
Son of a Son of a Sailor,Jimmy Buffett,1978,1,1,1
I Love Rock 'n Roll,Joan Jett,1981,1,1,82
I Hate Myself For Loving You,Joan Jett,1988,1,1,16
Crimson And Clover,Joan Jett,,1,0,6
Bad Reputation,Joan Jett,1981,1,1,1
Feelin' Alright,Joe Cocker,,1,0,33
With A Little Help From My Friends,Joe Cocker,1968,1,1,9
Cry Me a River,Joe Cocker,,1,0,1
The Letter,Joe Cocker,,1,0,1
You Can Leave Your Hat On (Live),Joe Cocker,,1,0,1
Is She Really Going Out With Him?,Joe Jackson,1979,1,1,6
"Always With Me, Always With You",Joe Satriani,,1,0,5
Summer Song,Joe Satriani,,1,0,4
Life's Been Good,Joe Walsh,,1,0,91
Rocky Mountain Way,Joe Walsh,1973,1,1,70
All Night Long,Joe Walsh,1980,1,1,41
The Confessor,Joe Walsh,,1,0,7
In the City,Joe Walsh,1979,1,1,6
A Life Of Illusion,Joe Walsh,1981,1,1,5
Funk #49,Joe Walsh,2012,1,1,4
Ordinary Average Guy,Joe Walsh,1991,1,1,2
Turn To Stone,Joe Walsh,,1,0,2
Analog Man,Joe Walsh,2012,1,1,1
On the Dark Side,John Cafferty,1983,1,1,19
The Old Man Down The Road,John Fogerty,1985,1,1,12
Centerfield,John Fogerty,1985,1,1,11
Imagine,John Lennon,1971,1,1,31
Instant Karma,John Lennon,1970,1,1,21
Watching the Wheels,John Lennon,1980,1,1,14
#9 Dream,John Lennon,1974,1,1,2
Mind Games,John Lennon,,1,0,1
Woman,John Lennon,1980,1,1,1
Jack & Diane,John Mellencamp,1982,1,1,73
Small Town,John Mellencamp,1985,1,1,55
Hurts So Good,John Mellencamp,1982,1,1,40
Pink Houses,John Mellencamp,1984,1,1,34
I Need A Lover,John Mellencamp,1978,1,1,24
Authority Song,John Mellencamp,1983,1,1,20
Crumblin' Down,John Mellencamp,1983,1,1,17
Lonely Ol' Night,John Mellencamp,1985,1,1,7
R.O.C.K. In the U.S.A.,John Mellencamp,1985,1,1,4
Ain't Even Done With the Night,John Mellencamp,,1,0,2
Again Tonight,John Mellencamp,,1,0,1
Check It Out,John Mellencamp,,1,0,1
Cherry Bomb,John Mellencamp,,1,0,1
Paper in Fire,John Mellencamp,1987,1,1,1
Rain On The Scarecrow,John Mellencamp,1985,1,1,1
What If I Came Knocking,John Mellencamp,,1,0,1
Illegal Smile,John Prine,,1,0,1
I CAN SEE CLEARLY NOW,Johnny Nash,1972,1,1,2
Brickyard Road,Johnny Van Zant,1990,1,1,1
Shanty,Jonathan Edwards,,1,0,2
Roadrunner,Jonathan Richman,1977,1,1,1
Wheel in the Sky,Journey,1978,1,1,114
Any Way You Want It,Journey,1980,1,1,105
Don't Stop Believin',Journey,1981,1,1,105
Separate Ways (Worlds Apart),Journey,1983,1,1,100
Lights,Journey,1978,1,1,93
"Lovin', Touchin' Squeezin'",Journey,1979,1,1,60
Stone In Love,Journey,,1,0,32
Who's Crying Now,Journey,1981,1,1,29
Faithfully,Journey,1983,1,1,14
Feeling That Way,Journey,1978,1,1,13
Open Arms,Journey,1982,1,1,10
City of the Angels,Journey,,1,0,4
Just the Same Way,Journey,,1,0,4
Only the Young,Journey,1985,1,1,3
Escape,Journey,,1,0,1
Look Into The Future,Journey,,1,0,1
Send Her My Love,Journey,1983,1,1,1
Living After Midnight,Judas Priest,1980,1,1,32
You've Got Another Thing Comin',Judas Priest,,1,0,26
Heading Out To The Highway,Judas Priest,,1,0,10
Breaking The Law,Judas Priest,1980,1,1,7
Diamonds And Rust,Judas Priest,,1,0,1
Electric Eye,Judas Priest,1982,1,1,1
Hot Rockin',Judas Priest,,1,0,1
The Ripper,Judas Priest,1976,1,1,1
Turbo Lover,Judas Priest,,1,0,1
Simple Man,Junkyard,,1,0,1
Carry On Wayward Son,Kansas,1976,1,1,134
Dust In The Wind,Kansas,1977,1,1,62
Point of Know Return,Kansas,1977,1,1,30
Play the Game Tonight,Kansas,1982,1,1,1
I'm Alright,Kenny Loggins,1980,1,1,5
Just Dropped In,Kenny Loggins,,1,0,1
Blue On Black,Kenny Wayne Shepherd,,1,0,15
"Somehow, Somewhere, Someway",Kenny Wayne Shepherd,,1,0,1
All Summer Long,Kid Rock,2007,1,1,8
Cowboy,Kid Rock,1998,1,1,3
Let's Ride,Kid Rock,2012,1,1,1
If I Say,Kingofthehill,,1,0,1
Use Somebody,Kings of Leon,2008,1,1,2
Sex On Fire,Kings of Leon,2008,1,1,1
Rock And Roll All Nite,Kiss,1975,1,1,119
Detroit Rock City,Kiss,1976,1,1,27
Shout It out Loud,Kiss,,1,0,5
Calling Dr. Love,Kiss,1976,1,1,4
Lick It Up,Kiss,1983,1,1,4
Beth,Kiss,1976,1,1,2
Cold Gin,Kiss,1973,1,1,2
Heaven's On Fire,Kiss,,1,0,2
Christeen Sixteen,Kiss,,1,0,1
Strutter,Kiss,1974,1,1,1
Tears Are Falling,Kiss,,1,0,1
Screaming In The Night,Krokus,,1,0,3
Long Stick Goes Boom,Krokus,,1,0,1
Stayed Awake All Night,Krokus,,1,0,1
Sex Action,L.A. Guns,,1,0,1
Key To The Rhyme,Lake,,1,0,1
Black Dog,Led Zeppelin,1971,1,1,105
Over the Hills and Far Away,Led Zeppelin,1973,1,1,94
Rock and Roll,Led Zeppelin,1971,1,1,92
Ramble On,Led Zeppelin,1969,1,1,90
D'Yer Mak'er,Led Zeppelin,1973,1,1,88
Immigrant Song,Led Zeppelin,1970,1,1,87
All My Love,Led Zeppelin,1979,1,1,83
Stairway to Heaven,Led Zeppelin,1971,1,1,79
Whole Lotta Love,Led Zeppelin,1969,1,1,72
Fool In the Rain,Led Zeppelin,1979,1,1,69
Kashmir,Led Zeppelin,1975,1,1,64
The Ocean,Led Zeppelin,1973,1,1,54
Houses of the Holy,Led Zeppelin,1975,1,1,45
Good Times Bad Times,Led Zeppelin,1969,1,1,43
Going to California,Led Zeppelin,1971,1,1,42
What Is and What Should Never Be,Led Zeppelin,1969,1,1,40
Heartbreaker/living Loving Maid {she's Just A Woman},Led Zeppelin,1969,1,1,35
Trampled Under Foot,Led Zeppelin,1975,1,1,35
Hey Hey What Can I Do,Led Zeppelin,1970,1,1,32
Misty Mountain Hop,Led Zeppelin,1971,1,1,31
Dancing Days,Led Zeppelin,1973,1,1,28
Babe I'm Gonna Leave You,Led Zeppelin,1969,1,1,24
Communication Breakdown,Led Zeppelin,1969,1,1,18
When The Levee Breaks,Led Zeppelin,1971,1,1,17
Dazed and Confused,Led Zeppelin,1969,1,1,15
In the Evening,Led Zeppelin,1979,1,1,11
Since I've Been Loving You,Led Zeppelin,1970,1,1,11
The Battle Of Evermore,Led Zeppelin,1971,1,1,11
Nobody's Fault But Mine,Led Zeppelin,,1,0,10
Your Time Is Gonna Come,Led Zeppelin,1969,1,1,10
Traveling Riverside Blues,Led Zeppelin,1982,1,1,9
Hats Off To {roy} Harper,Led Zeppelin,1970,1,1,8
Thank You,Led Zeppelin,1969,1,1,8
Living Loving Maid (She's Just a Woman),Led Zeppelin,1969,1,1,7
Custard Pie,Led Zeppelin,1975,1,1,6
Out On The Tiles,Led Zeppelin,1970,1,1,6
Four Sticks,Led Zeppelin,1971,1,1,5
Moby Dick,Led Zeppelin,1969,1,1,5
Ten Years Gone,Led Zeppelin,1975,1,1,5
Boogie With Stu,Led Zeppelin,1975,1,1,4
Celebration Day,Led Zeppelin,1970,1,1,4
Gallows Pole,Led Zeppelin,1970,1,1,4
Hot Dog,Led Zeppelin,1979,1,1,4
In the Light,Led Zeppelin,1975,1,1,4
Bonzo's Montreaux,Led Zeppelin,1982,1,1,3
No Quarter,Led Zeppelin,1973,1,1,3
The Lemon Song,Led Zeppelin,1969,1,1,3
The Rain Song,Led Zeppelin,1973,1,1,3
You Shook Me,Led Zeppelin,1969,1,1,3
Bron-y-aur Stomp,Led Zeppelin,1970,1,1,2
Darlene,Led Zeppelin,1982,1,1,2
Friends,Led Zeppelin,1970,1,1,2
How Many More Times,Led Zeppelin,1969,1,1,2
In My Time of Dying,Led Zeppelin,1975,1,1,2
Royal Orleans,Led Zeppelin,1976,1,1,2
The Rover,Led Zeppelin,1975,1,1,2
The Song Remains the Same,Led Zeppelin,1973,1,1,2
Black Mountain Side,Led Zeppelin,1969,1,1,1
Bring It On Home,Led Zeppelin,1969,1,1,1
Down By The Seaside,Led Zeppelin,1975,1,1,1
For Your Life,Led Zeppelin,1976,1,1,1
I Can't Quit You Baby,Led Zeppelin,1969,1,1,1
NIGHT FLIGHT,Led Zeppelin,1975,1,1,1
South Bound Saurez,Led Zeppelin,1979,1,1,1
TANGERINE,Led Zeppelin,1970,1,1,1
That's the Way,Led Zeppelin,1970,1,1,1
The Crunge,Led Zeppelin,1973,1,1,1
THE WANTON SONG,Led Zeppelin,1975,1,1,1
"Hey, Hey (What Can I Do?)",Led Zeppelin,1970,1,1,0
Do You Know What I Mean,Lee Michaels,,1,0,3
Woman,Legs Diamond,,1,0,2
Are You Gonna Go My Way,Lenny Kravitz,1993,1,1,11
Fly Away,Lenny Kravitz,1998,1,1,10
American Woman,Lenny Kravitz,1998,1,1,4
Stranger In A Strange Land,Leon Russell,,1,0,1
My Own Worst Enemy,Lit,1999,1,1,2
Close My Eyes Forever,Lita Ford,1988,1,1,5
Kiss Me Deadly,Lita Ford,1988,1,1,1
Dixie Chicken,Little Feat,1973,1,1,20
All That You Dream,Little Feat,,1,0,1
Lightning Crashes,Live,1994,1,1,4
I Alone,Live,,1,0,3
Cult Of Personality,Living Colour,1988,1,1,12
Bound for the Floor,Local H,1996,1,1,2
Conquistador,London Symphony Orchestra,1967,1,1,2
Midnight Blue,Lou Gramm,,1,0,1
Walk On The Wild Side,Lou Reed,1972,1,1,31
Sweet Jane (Live),Lou Reed,1970,1,1,1
Working for the Weekend,Loverboy,1981,1,1,27
Turn Me Loose,Loverboy,1980,1,1,16
Lovin' Every Minute of It,Loverboy,,1,0,8
The Kid Is Hot Tonite,Loverboy,1980,1,1,2
Wicked Sensation,Lynch Mob,,1,0,1
Sweet Home Alabama,Lynyrd Skynyrd,1974,1,1,95
Free Bird,Lynyrd Skynyrd,1973,1,1,75
What's Your Name,Lynyrd Skynyrd,1977,1,1,64
Gimme Three Steps,Lynyrd Skynyrd,1973,1,1,47
Simple Man,Lynyrd Skynyrd,1973,1,1,47
Dixie/Sweet Home Alabama,Lynyrd Skynyrd,1974,1,1,33
Tuesday's Gone,Lynyrd Skynyrd,1973,1,1,31
Call Me the Breeze,Lynyrd Skynyrd,1974,1,1,25
That Smell,Lynyrd Skynyrd,1977,1,1,24
Saturday Night Special,Lynyrd Skynyrd,1975,1,1,21
Don't Ask Me No Questions,Lynyrd Skynyrd,1974,1,1,14
You Got That Right,Lynyrd Skynyrd,,1,0,13
The Ballad Of Curtis Loew,Lynyrd Skynyrd,1974,1,1,8
Gimme Back My Bullets,Lynyrd Skynyrd,1976,1,1,4
I Know a Little,Lynyrd Skynyrd,1977,1,1,4
Merry-Go-Round,Mama's Pride,,1,0,1
Blinded by the Light,Manfred Mann,1976,1,1,114
Do Wah Diddy Diddy,Manfred Mann,1964,1,1,2
Sex and Candy,Marcy Playground,,1,0,2
Paradise By The Dashboard Light,Meat Loaf,1977,1,1,10
You Took The Words Right Out Of My Mouth,Meat Loaf,1977,1,1,9
TWO OUT OF THREE AIN'T BAD,Meat Loaf,1977,1,1,1
I'm the Only One,Melissa Etheridge,1993,1,1,1
Who Can It Be Now?,Men At Work,1982,1,1,6
Down Under,Men At Work,1982,1,1,5
Enter Sandman,Metallica,1991,1,1,34
The Unforgiven,Metallica,1991,1,1,19
Turn The Page,Metallica,,1,0,13
Nothing Else Matters,Metallica,1991,1,1,10
Fade To Black,Metallica,1984,1,1,4
Sad But True,Metallica,1991,1,1,4
The Memory Remains,Metallica,1997,1,1,3
Wherever I May Roam,Metallica,1991,1,1,3
Breadfan,Metallica,1998,1,1,2
Fuel,Metallica,1997,1,1,2
Master of Puppets,Metallica,1986,1,1,2
Until It Sleeps,Metallica,1996,1,1,2
For Whom The Bell Tolls,Metallica,1984,1,1,1
Harvester Of Sorrow,Metallica,1988,1,1,1
Hero of the Day,Metallica,1996,1,1,1
Lords of Summer (First Pass Version),Metallica,,1,0,1
No Leaf Clover,Metallica,1999,1,1,1
One,Metallica,1988,1,1,1
Seek & Destroy,Metallica,1983,1,1,1
Whiskey In The Jar,Metallica,,1,0,1
Cruisin',Michael Nesmith,,1,0,1
Drinkin' in the Driveway,Michael Stanley,,1,0,1
He Can't Love You,Michael Stanley,,1,0,1
Let's Get the Show on the Road,Michael Stanley,,1,0,1
My Town,Michael Stanley,,1,0,1
Rosewood Bitters,Michael Stanley,,1,0,1
Strike up the Band,Michael Stanley,,1,0,1
Beds Are Burning,Midnight Oil,1988,1,1,6
Devil With the Blue Dress On,Mitch Ryder,1966,1,1,1
I Melt With You,Modern English,1982,1,1,15
Sugar Boogie,Molkie Cole,,1,0,1
Flirtin' With Disaster,Molly Hatchet,,1,0,35
Dreams I'll Never See,Molly Hatchet,,1,0,3
What Do All The People Know,Monroes,,1,0,2
Bad Motor Scooter,Montrose,1973,1,1,30
Rock Candy,Montrose,1973,1,1,19
Space Station #5,Montrose,1973,1,1,1
Home Sweet Home,Motley Crue,1985,1,1,29
Smokin' in the Boys Room,Motley Crue,,1,0,28
"Girls, Girls, Girls",Motley Crue,1987,1,1,25
Kickstart My Heart,Motley Crue,1989,1,1,25
Dr. Feelgood,Motley Crue,1989,1,1,17
Wild Side,Motley Crue,1987,1,1,11
Looks That Kill,Motley Crue,,1,0,8
Don't Go Away Mad (Just Go Away),Motley Crue,1989,1,1,4
Same Ol' Situation,Motley Crue,1989,1,1,4
Shout at the Devil,Motley Crue,1983,1,1,4
Piece of Your Action,Motley Crue,,1,0,1
All the Young Dudes,Mott the Hoople,1972,1,1,12
Mississippi Queen,Mountain,1970,1,1,25
Moon Rider,Moxy,,1,0,1
Addicted To That Rush,Mr. Big,,1,0,1
In the Summertime,Mungo Jerry,1970,1,1,2
Hair Of The Dog,Nazareth,1975,1,1,53
Love Hurts,Nazareth,1976,1,1,26
Rockin' In the Free World,Neil Young,1989,1,1,38
Cinnamon Girl,Neil Young,1969,1,1,29
Heart of Gold,Neil Young,1972,1,1,17
Southern Man,Neil Young,1970,1,1,16
"Hey Hey, My My",Neil Young,1978,1,1,14
Old Man,Neil Young,1972,1,1,13
The Needle and the Damage Done,Neil Young,1972,1,1,4
"My My, Hey Hey",Neil Young,1979,1,1,3
Down by the River,Neil Young,1969,1,1,2
Like a Hurricane,Neil Young,1977,1,1,2
Powderfinger,Neil Young,1978,1,1,2
Sugar Mountain,Neil Young,1969,1,1,2
Everybody Knows This Is Nowhere,Neil Young,,1,0,1
When You Dance I Can Really Love,Neil Young,,1,0,1
Show Me The Way,Nektar,,1,0,1
Rockstar,Nickelback,2005,1,1,10
How You Remind Me,Nickelback,2001,1,1,4
Photograph,Nickelback,2005,1,1,1
Someday (Single Mix),Nickelback,,1,0,1
Sister Christian,Night Ranger,1983,1,1,32
(You Can Still) Rock in America,Night Ranger,1983,1,1,3
Don't Tell Me You Love Me,Night Ranger,1982,1,1,2
Rumors In The Air,Night Ranger,,1,0,1
When You Close Your Eyes,Night Ranger,1983,1,1,1
Come As You Are,Nirvana,1991,1,1,39
Smells Like Teen Spirit,Nirvana,1991,1,1,24
All Apologies,Nirvana,1993,1,1,15
In Bloom,Nirvana,1991,1,1,11
Lithium,Nirvana,1991,1,1,10
The Man Who Sold the World,Nirvana,,1,0,4
About a Girl,Nirvana,1989,1,1,2
On a Plain,Nirvana,1991,1,1,2
Polly,Nirvana,1991,1,1,2
Dumb,Nirvana,1993,1,1,1
Spirit In The Sky,Norman Greenbaum,1969,1,1,31
This Is The Time,Nothing More,,1,0,3
Wonderwall,Oasis,1995,1,1,3
STILL THE ONE,Orleans,1976,1,1,1
(Sittin' On) The Dock of the Bay,Otis Redding,1968,1,1,5
If You Wanna Get to Heaven,Ozark Mountain Daredevils,1973,1,1,2
Jackie Blue,Ozark Mountain Daredevils,1975,1,1,2
Crazy Train,Ozzy Osbourne,1980,1,1,79
Flying High Again,Ozzy Osbourne,1981,1,1,44
"Mama, I'm Coming Home",Ozzy Osbourne,1991,1,1,31
Over the Mountain,Ozzy Osbourne,1981,1,1,16
Shot in the Dark,Ozzy Osbourne,1986,1,1,10
I Don't Know,Ozzy Osbourne,1980,1,1,8
No More Tears,Ozzy Osbourne,1991,1,1,8
Bark At The Moon,Ozzy Osbourne,1983,1,1,6
Mr. Crowley,Ozzy Osbourne,1980,1,1,5
See You on the Other Side,Ozzy Osbourne,,1,0,3
Goodbye To Romance,Ozzy Osbourne,1980,1,1,2
Perry Mason,Ozzy Osbourne,1995,1,1,2
Time After Time,Ozzy Osbourne,,1,0,2
Changes,Ozzy Osbourne,,1,0,1
Diary Of A Madman,Ozzy Osbourne,1981,1,1,1
Mr. Tinkertrain,Ozzy Osbourne,1992,1,1,1
Purple Haze,Ozzy Osbourne,,1,0,1
Road To Nowhere,Ozzy Osbourne,1991,1,1,1
Rocky Mountain Way,Ozzy Osbourne,,1,0,1
Heartbreaker,Pat Benatar,1979,1,1,80
Hit Me With Your Best Shot,Pat Benatar,1980,1,1,62
Love Is A Battlefield,Pat Benatar,1983,1,1,28
We Belong,Pat Benatar,1984,1,1,14
Shadows Of The Night,Pat Benatar,1982,1,1,8
Fire and Ice,Pat Benatar,,1,0,1
Hell Is for Children,Pat Benatar,1980,1,1,1
Invincible,Pat Benatar,1985,1,1,1
Treat Me Right,Pat Benatar,,1,0,1
You Better Run,Pat Benatar,1980,1,1,1
Boom Boom/,Pat Travers,,1,0,1
Snortin Whiskey,Pat Travers,,1,0,1
Uncle Albert/Admiral Halsey,Paul McCartney & Linda McCartney,1971,1,1,2
The Back Seat Of My Car,Paul McCartney & Linda McCartney,1971,1,1,1
Too Many People,Paul McCartney & Linda McCartney,1971,1,1,1
Live and Let Die,Paul McCartney & Wings,1973,1,1,85
Maybe I'm Amazed,Paul McCartney & Wings,1970,1,1,53
Band on the Run,Paul McCartney & Wings,1973,1,1,50
Jet,Paul McCartney & Wings,1973,1,1,12
Hi Hi Hi,Paul McCartney & Wings,,1,0,6
Helen Wheels,Paul McCartney & Wings,1973,1,1,4
Nineteen Hundred and Eighty Five,Paul McCartney & Wings,,1,0,4
Uncle Albert/Admiral Halsey,Paul McCartney & Wings,1971,1,1,4
Coming Up,Paul McCartney & Wings,1980,1,1,3
Junior's Farm,Paul McCartney & Wings,1974,1,1,3
Listen To What The Man Says,Paul McCartney & Wings,,1,0,3
Silly Love Songs,Paul McCartney & Wings,1976,1,1,3
Another Day,Paul McCartney & Wings,,1,0,2
Venus and Mars/Rock Show,Paul McCartney & Wings,1975,1,1,2
With a Little Luck,Paul McCartney & Wings,,1,0,2
Birthday (Live),Paul McCartney & Wings,,1,0,1
Day Tripper,Paul McCartney & Wings,,1,0,1
Hello Goodbye,Paul McCartney & Wings,,1,0,1
Helter Skelter,Paul McCartney & Wings,,1,0,1
Hey Jude (Live),Paul McCartney & Wings,,1,0,1
Let 'Em In,Paul McCartney & Wings,,1,0,1
Let Me Roll It,Paul McCartney & Wings,1973,1,1,1
My Love,Paul McCartney & Wings,1973,1,1,1
Me And Julio Down By The Schoolyard,Paul Simon,1972,1,1,6
Kodachrome,Paul Simon,1973,1,1,2
50 Ways to Leave Your Lover,Paul Simon,1975,1,1,1
Loves Me Like a Rock,Paul Simon,1973,1,1,1
You Can Call Me Al,Paul Simon,1986,1,1,1
Better Man,Pearl Jam,1994,1,1,17
Alive,Pearl Jam,1991,1,1,16
Even Flow,Pearl Jam,1991,1,1,16
Jeremy,Pearl Jam,1991,1,1,16
Black,Pearl Jam,1991,1,1,11
Daughter,Pearl Jam,1993,1,1,10
Lightning Bolt,Pearl Jam,2013,1,1,4
Last Kiss,Pearl Jam,1999,1,1,3
Sirens,Pearl Jam,2013,1,1,3
Dissident,Pearl Jam,1994,1,1,2
Elderly Woman Behind the Counter in a Small Town,Pearl Jam,1993,1,1,2
Yellow Ledbetter,Pearl Jam,1992,1,1,2
Not for You,Pearl Jam,1994,1,1,1
Let My Love Open the Door,Pete Townshend,1980,1,1,38
Rough Boys,Pete Townshend,1980,1,1,2
GONNA GET YA,Pete Townshend,,1,0,1
"Baby, I Love Your Way",Peter Frampton,1975,1,1,41
Do You Feel Like We Do,Peter Frampton,1973,1,1,37
Show Me the Way,Peter Frampton,1975,1,1,30
Something's Happening/,Peter Frampton,,1,0,1
Sledgehammer,Peter Gabriel,1986,1,1,36
Solsbury Hill,Peter Gabriel,1977,1,1,31
In Your Eyes,Peter Gabriel,1986,1,1,28
Big Time,Peter Gabriel,1986,1,1,24
Red Rain,Peter Gabriel,1986,1,1,8
Games Without Frontiers,Peter Gabriel,1980,1,1,3
SHOCK THE MONKEY,Peter Gabriel,1982,1,1,2
In the Air Tonight,Phil Collins,1981,1,1,93
I Don't Care Anymore,Phil Collins,,1,0,38
Don't Lose My Number,Phil Collins,,1,0,1
Comfortably Numb,Pink Floyd,1979,1,1,92
Wish You Were Here,Pink Floyd,1975,1,1,87
Money,Pink Floyd,1973,1,1,84
Time,Pink Floyd,1973,1,1,74
Hey You,Pink Floyd,1979,1,1,65
Run Like Hell,Pink Floyd,1979,1,1,59
Young Lust,Pink Floyd,1979,1,1,59
"Another Brick in the Wall, Pt. 2",Pink Floyd,1979,1,1,58
Learning to Fly,Pink Floyd,1987,1,1,44
The Happiest Days Of Our Lives/another Brick In The Wall,Pink Floyd,1979,1,1,44
Brain Damage /Eclipse,Pink Floyd,1973,1,1,41
Have a Cigar,Pink Floyd,1975,1,1,41
Welcome To The Machine,Pink Floyd,1975,1,1,41
Speak to Me/Breathe,Pink Floyd,1973,1,1,30
Another Brick In The Wall,Pink Floyd,1979,1,1,29
Us and Them,Pink Floyd,1973,1,1,25
"Careful With That Axe, Eugene",Pink Floyd,1969,1,1,23
Brain Damage,Pink Floyd,1973,1,1,21
Mother,Pink Floyd,1979,1,1,19
Fearless,Pink Floyd,1971,1,1,17
On The Turning Away,Pink Floyd,1987,1,1,15
Empty Spaces/young Lust,Pink Floyd,1979,1,1,12
One Of These Days,Pink Floyd,1971,1,1,12
Goodbye Blue Sky,Pink Floyd,1979,1,1,11
Breathe,Pink Floyd,1973,1,1,9
Empty Spaces,Pink Floyd,1979,1,1,8
Keep Talking,Pink Floyd,1994,1,1,4
The Great Gig In the Sky,Pink Floyd,1973,1,1,4
Astronomy Domine,Pink Floyd,1967,1,1,3
Any Colour You Like,Pink Floyd,1973,1,1,2
Shine On You Crazy Diamond,Pink Floyd,1975,1,1,2
The Dogs Of War,Pink Floyd,1987,1,1,2
Arnold Layne,Pink Floyd,1967,1,1,1
Dogs,Pink Floyd,1977,1,1,1
One Slip,Pink Floyd,1987,1,1,1
See Emily Play,Pink Floyd,1967,1,1,1
Set The Controls For The Heart Of The Sun,Pink Floyd,1968,1,1,1
Take It Back,Pink Floyd,1994,1,1,1
Time/Gig in The Sky,Pink Floyd,1973,1,1,1
Every Rose Has Its Thorn,Poison,1988,1,1,22
Nothin' But A Good Time,Poison,1988,1,1,21
Look What The Cat Dragged In,Poison,,1,0,1
Something To Believe In,Poison,1990,1,1,1
Talk Dirty To Me,Poison,1987,1,1,1
A Whiter Shade of Pale,Procol Harum,1967,1,1,3
A Salty Dog,Procol Harum,1969,1,1,1
Blurry,Puddle of Mudd,2001,1,1,1
Amie,Pure Prairie League,,1,0,4
Bohemian Rhapsody,Queen,1975,1,1,119
Another One Bites the Dust,Queen,1980,1,1,102
We Will Rock You/We Are The Champions,Queen,1977,1,1,89
Fat Bottomed Girls,Queen,1978,1,1,70
Killer Queen,Queen,1974,1,1,69
Somebody To Love,Queen,1976,1,1,69
Crazy Little Thing Called Love,Queen,1979,1,1,57
You're My Best Friend,Queen,1976,1,1,57
We Are the Champions,Queen,1977,1,1,15
We Will Rock You,Queen,1977,1,1,14
Under Pressure,Queen,1981,1,1,12
Bicycle Race/fat Bottomed Girls,Queen,1978,1,1,5
Keep Yourself Alive,Queen,1973,1,1,4
Tie Your Mother Down,Queen,1976,1,1,4
Bicycle Race,Queen,1978,1,1,3
Don't Stop Me Now,Queen,1977,1,1,2
It's Late,Queen,,1,0,1
One Vision,Queen,1985,1,1,1
THESE ARE THE DAYS OF OUR LI,Queen,1991,1,1,1
Under Pressure,Queen / David Bowie,1981,1,1,73
No One Knows,Queens of the Stone Age,2002,1,1,1
I Don't Believe In Love,Queensryche,,1,0,23
Eyes Of A Stranger,Queensryche,,1,0,18
Silent Lucidity,Queensryche,1990,1,1,10
Jet City Woman,Queensryche,1990,1,1,6
Another Rainy Night,Queensryche,1990,1,1,2
Fresh Air,Quicksilver Messenger Service,,1,0,1
Pride of Man,Quicksilver Messenger Service,,1,0,1
Cum On Feel the Noize,Quiet Riot,,1,0,29
Bang Your Head,Quiet Riot,,1,0,6
Metal Health,Quiet Riot,1983,1,1,4
The One I Love,R.E.M.,1987,1,1,35
It's the End of the World As We Know It (And I Feel Fine),R.E.M.,1987,1,1,30
Losing My Religion,R.E.M.,1991,1,1,27
Man On the Moon,R.E.M.,1992,1,1,23
Stand,R.E.M.,1988,1,1,18
Orange Crush,R.E.M.,1988,1,1,10
Since You Been Gone,Rainbow,1979,1,1,14
Man On The Silver Mountain,Rainbow,1975,1,1,5
Street Of Dreams,Rainbow,,1,0,5
Stone Cold,Rainbow,1982,1,1,3
Black Betty,Ram Jam,1977,1,1,57
Round and Round,Ratt,1984,1,1,48
Way Cool Jr.,Ratt,,1,0,9
Back for More,Ratt,,1,0,3
Under the Bridge,Red Hot Chili Peppers,1991,1,1,28
Scar Tissue,Red Hot Chili Peppers,1999,1,1,8
Soul to Squeeze,Red Hot Chili Peppers,1993,1,1,8
Give It Away,Red Hot Chili Peppers,1991,1,1,7
Californication,Red Hot Chili Peppers,1999,1,1,4
Dani California,Red Hot Chili Peppers,2006,1,1,3
Breaking the Girl,Red Hot Chili Peppers,1992,1,1,1
By the Way,Red Hot Chili Peppers,2002,1,1,1
Lunatic Fringe,Red Rider,1981,1,1,52
Take It on the Run,REO Speedwagon,1981,1,1,46
Roll With the Changes,REO Speedwagon,,1,0,43
Keep On Loving You,REO Speedwagon,1980,1,1,23
Ridin' the Storm Out,REO Speedwagon,,1,0,20
Time For Me To Fly,REO Speedwagon,,1,0,16
Golden Country,REO Speedwagon,,1,0,4
Like You Do,REO Speedwagon,,1,0,3
I Can't Fight This Feeling,REO Speedwagon,1984,1,1,2
Back On The Road Again,REO Speedwagon,,1,0,1
Don't Let Him Go,REO Speedwagon,,1,0,1
Keep Pushin'  1977,REO Speedwagon,,1,0,1
"Rock And Roll, Hoochie Koo",Rick Derringer,1974,1,1,55
Jessie's Girl,Rick Springfield,1981,1,1,2
It Don't Come Easy,Ringo Starr,1971,1,1,5
Photograph,Ringo Starr,1973,1,1,4
No No Song,Ringo Starr,1974,1,1,3
Back Off Boogaloo,Ringo Starr,1972,1,1,2
Your're Sixteen,Ringo Starr,1974,1,1,2
Early 1970 [*],Ringo Starr,1971,1,1,1
Bad Case Of Lovin' You,Robert Palmer,1979,1,1,42
Addicted to Love,Robert Palmer,1985,1,1,11
Simply Irresistible,Robert Palmer,1988,1,1,1
In The Mood,Robert Plant,1983,1,1,26
Big Log,Robert Plant,1983,1,1,11
Little By Little,Robert Plant,,1,0,8
No Easy Way Out,Robert Tepper,,1,0,1
Too Rolling Stoned,Robin Trower,,1,0,5
Bridge of Sighs,Robin Trower,1974,1,1,3
Little Bit of Sympathy,Robin Trower,,1,0,1
"Oh, Well",Rockets,,1,0,1
Tired Of Toein' The Line,Rocky Burnette,,1,0,1
Maggie May,Rod Stewart,1971,1,1,49
Hot Legs,Rod Stewart,,1,0,33
The First Cut Is The Deepest,Rod Stewart,1976,1,1,24
Every Picture Tells A Story,Rod Stewart,1971,1,1,15
You Wear It Well,Rod Stewart,1972,1,1,7
Reason to Believe,Rod Stewart,1971,1,1,5
I Know I'm Losing You,Rod Stewart,,1,0,2
Stay with Me,Rod Stewart,,1,0,2
Tonight's the Night (Gonna Be Alright),Rod Stewart,1976,1,1,2
You're In My Heart (The Final Acclaim),Rod Stewart,1977,1,1,1
Free Me,Roger Daltry,,1,0,1
Had a Dream (Sleeping With the Enemy),Roger Hodgson,,1,0,1
The Logical Song,Roger Hodgson,1979,1,1,1
Gimme Shelter,Rolling Stones,1969,1,1,96
Miss You,Rolling Stones,1978,1,1,89
Honky Tonk Women,Rolling Stones,1969,1,1,87
Beast Of Burden,Rolling Stones,1978,1,1,86
Start Me Up,Rolling Stones,1981,1,1,83
Sympathy For The Devil,Rolling Stones,1968,1,1,81
Jumpin' Jack Flash,Rolling Stones,1968,1,1,72
You Can't Always Get What You Want,Rolling Stones,1969,1,1,62
(I Can't Get No) Satisfaction,Rolling Stones,1965,1,1,60
Paint It Black,Rolling Stones,1966,1,1,58
It's Only Rock 'n Roll,Rolling Stones,1974,1,1,57
Under My Thumb,Rolling Stones,1966,1,1,42
Brown Sugar,Rolling Stones,1971,1,1,37
Shattered,Rolling Stones,1978,1,1,36
Angie,Rolling Stones,1973,1,1,32
Doo Doo Doo Doo Doo (Heartbreaker),Rolling Stones,1973,1,1,21
She's So Cold,Rolling Stones,,1,0,21
Get Off Of My Cloud,Rolling Stones,1965,1,1,17
Ain't Too Proud to Beg,Rolling Stones,1974,1,1,14
Tumbling Dice,Rolling Stones,1972,1,1,11
Street Fighting Man,Rolling Stones,1968,1,1,8
Let's Spend the Night Together,Rolling Stones,1967,1,1,6
Mother's Little Helper,Rolling Stones,1966,1,1,6
Bitch,Rolling Stones,1971,1,1,5
Can't You Hear Me Knocking,Rolling Stones,1971,1,1,5
Wild Horses,Rolling Stones,1971,1,1,5
Happy,Rolling Stones,1972,1,1,4
Monkey Man,Rolling Stones,1969,1,1,4
Da Da Doo Ron Ron,Rolling Stones,,1,0,3
Heartbreaker,Rolling Stones,1973,1,1,3
Waiting on a Friend,Rolling Stones,1981,1,1,3
Hand of Fate,Rolling Stones,1976,1,1,2
Hang Fire,Rolling Stones,1981,1,1,2
Midnight Rambler,Rolling Stones,1969,1,1,2
THE LAST TIME,Rolling Stones,1965,1,1,2
TIME IS ON MY SIDE,Rolling Stones,,1,0,2
19th Nervous Breakdown,Rolling Stones,1966,1,1,1
Almost Hear You Sigh,Rolling Stones,1989,1,1,1
CAROL,Rolling Stones,,1,0,1
Dance Little Sister,Rolling Stones,1980,1,1,1
Doom And Gloom,Rolling Stones,2012,1,1,1
Emotional Rescue,Rolling Stones,1980,1,1,1
Fortune Teller,Rolling Stones,,1,0,1
Get Off My Cloud,Rolling Stones,1965,1,1,1
IT'S ALL OVER NOW,Rolling Stones,1964,1,1,1
Just My Imagination,Rolling Stones,,1,0,1
Let It Bleed,Rolling Stones,1969,1,1,1
Like A Rolling Stone,Rolling Stones,,1,0,1
Little Queenie,Rolling Stones,,1,0,1
She's a Rainbow,Rolling Stones,1967,1,1,1
THE SPIDER AND THE FLY,Rolling Stones,1965,1,1,1
Time Waits for No One,Rolling Stones,1975,1,1,1
UNDERCOVER OF THE NIGHT,Rolling Stones,1983,1,1,1
YOU GOT THE SILVER,Rolling Stones,1969,1,1,1
YOU GOTTA MOVE,Rolling Stones,1971,1,1,1
Bullfrog Blues,Rory Gallagher,,1,1,1
Cry Sister,Royal Bliss,,1,0,6
Tom Sawyer,Rush,1981,1,1,114
Limelight,Rush,1981,1,1,90
The Spirit of Radio,Rush,1980,1,1,77
Freewill,Rush,1980,1,1,60
Fly By Night,Rush,1975,1,1,32
Closer to the Heart,Rush,1977,1,1,31
Subdivisions,Rush,1982,1,1,26
Working Man,Rush,1975,1,1,24
Test For Echo,Rush,1996,1,1,23
Red Barchetta,Rush,1981,1,1,11
New World Man,Rush,1982,1,1,7
In The Mood,Rush,1974,1,1,3
2112: Overture / The Temples of Syrinx (Chronicles Version),Rush,1976,1,1,2
Entre Nous,Rush,1980,1,1,2
Show Don't Tell,Rush,1989,1,1,2
YYZ,Rush,1981,1,1,2
Finding My Way,Rush,,1,0,1
Summertime Blues,Rush,,1,0,1
The Trees,Rush,1978,1,1,1
Time Stand Still (live),Rush,1987,1,1,1
Voices,Russ Ballard,1975,1,1,2
On The Loose,Saga,,1,0,1
SOUL MAN,Sam & Dave,1967,1,1,3
I Can't Drive 55,Sammy Hagar,1984,1,1,40
There's Only One Way to Rock,Sammy Hagar,1981,1,1,15
Heavy Metal,Sammy Hagar,1982,1,1,10
I'll Fall In Love Again,Sammy Hagar,,1,0,3
Red,Sammy Hagar,1978,1,1,3
Turn Up The Music  1977,Sammy Hagar,,1,0,3
Plain Jane,Sammy Hagar,,1,0,2
Trans Am (Highway Wonderland),Sammy Hagar,1979,1,1,2
Can't Get Loose,Sammy Hagar,,1,0,1
Three Lock Box,Sammy Hagar,,1,0,1
Black Magic Woman,Santana,1970,1,1,61
Evil Ways,Santana,1969,1,1,37
Oye Como Va,Santana,1970,1,1,37
No One to Depend On,Santana,1971,1,1,7
Europa,Santana,1977,1,1,4
Winning,Santana,,1,0,4
Put Your Lights On (feat. Everlast),Santana,1999,1,1,2
Smooth,Santana,1999,1,1,2
Soul Sacrifice,Santana,1969,1,1,2
Jingo,Santana,1969,1,1,1
Well All Right,Santana,,1,0,1
The Warrior,Scandal,1984,1,1,5
3 Strange Days,School Of Fish,,1,0,1
No One Like You,Scorpions,1982,1,1,76
Rock You Like a Hurricane,Scorpions,1984,1,1,69
The Zoo,Scorpions,1980,1,1,16
Big City Nights,Scorpions,1984,1,1,10
Wind Of Change,Scorpions,1990,1,1,10
Still Loving You,Scorpions,1984,1,1,9
Blackout,Scorpions,1982,1,1,4
Holiday,Scorpions,,1,0,4
Don't Believe Her,Scorpions,,1,0,1
Loving You Sunday Morning,Scorpions,,1,0,1
Words As Weapons,Seether,,1,0,11
Remedy,Seether,2005,1,1,1
God Save The Queen,Sex Pistols,1977,1,1,26
No Turning Back,Sherbs,,1,0,1
45,Shinedown,2003,1,1,2
Mrs. Robinson,Simon & Garfunkel,1968,1,1,13
Cecilia,Simon & Garfunkel,1970,1,1,6
The Sounds Of Silence,Simon & Garfunkel,1966,1,1,4
America,Simon & Garfunkel,1968,1,1,1
Don't You,Simple Minds,1985,1,1,44
I Remember You,Skid Row,1989,1,1,30
Youth Gone Wild,Skid Row,1989,1,1,22
18 And Life,Skid Row,1989,1,1,17
Fly To The Angels,Slaughter,1990,1,1,1
All Star,Smash Mouth,1999,1,1,2
Landslide,Smashing Pumpkins,,1,0,4
1979,Smashing Pumpkins,1995,1,1,3
Today,Smashing Pumpkins,1993,1,1,2
Bullet With Butterfly Wings,Smashing Pumpkins,1995,1,1,1
Driver's Seat,Sniff 'n' the Tears,1978,1,1,7
Tainted Love,Soft Cell,1981,1,1,1
Black Hole Sun,Soundgarden,1994,1,1,16
Spoonman,Soundgarden,1994,1,1,6
Fell On Black Days,Soundgarden,1994,1,1,4
Burden in My Hand,Soundgarden,1996,1,1,1
Havin' A Party,Southside Johnny,,1,0,1
The Fever,Southside Johnny,,1,0,1
GIMME SOME LOVIN',Spencer Davis Group,1966,1,1,4
Two Princes,Spin Doctors,1991,1,1,1
Tempted,Squeeze,1981,1,1,22
Pulling Mussels,Squeeze,1980,1,1,2
Black Coffee In Bed,Squeeze,1982,1,1,1
It's Been Awhile,Staind,2001,1,1,4
My Demons,Starset,,1,0,3
Stuck In the Middle With You,Stealers Wheel,1972,1,1,37
Do It Again,Steely Dan,1972,1,1,46
Reelin' in the Years,Steely Dan,1972,1,1,40
Hey Nineteen,Steely Dan,1980,1,1,8
Rikki Don't Lose That Number,Steely Dan,1974,1,1,5
Peg,Steely Dan,1977,1,1,3
Black Cow,Steely Dan,1977,1,1,2
Deacon Blues,Steely Dan,1977,1,1,1
Dirty Work,Steely Dan,1977,1,1,1
Fm {no Static At All},Steely Dan,1978,1,1,1
Love the One You're With,Stephen Stills,1971,1,1,14
Treetop Flyer,Stephen Stills,,1,0,3
Magic Carpet Ride,Steppenwolf,1968,1,1,65
Born to Be Wild,Steppenwolf,1968,1,1,53
Copperhead Road,Steve Earle,1988,1,1,3
The Joker,Steve Miller Band,1973,1,1,114
Rock 'N Me,Steve Miller Band,1976,1,1,102
Fly Like an Eagle,Steve Miller Band,1976,1,1,85
Take the Money and Run,Steve Miller Band,1976,1,1,71
Swingtown,Steve Miller Band,,1,0,58
Jungle Love,Steve Miller Band,1977,1,1,43
Jet Airliner,Steve Miller Band,1977,1,1,42
Threshold/Jet Airliner,Steve Miller Band,,1,0,23
Abracadabra,Steve Miller Band,1982,1,1,18
Space Cowboy,Steve Miller Band,,1,0,2
The Stake,Steve Miller Band,,1,0,2
Living in the U.S.A.,Steve Miller Band,,1,0,1
Mercury Blues,Steve Miller Band,,1,0,1
True Fine Love,Steve Miller Band,,1,0,1
Your Cash Ain't Nothin But Trash,Steve Miller Band,,1,0,1
Oh Sherrie,Steve Perry,1984,1,1,12
Higher Love,Steve Winwood,1986,1,1,6
While You See a Chance,Steve Winwood,1980,1,1,4
Back In the High Life Again,Steve Winwood,1986,1,1,1
Roll With It,Steve Winwood,1988,1,1,1
Love The One You'Re With,Steven Stills,1971,1,1,1
Edge of Seventeen,Stevie Nicks,1981,1,1,78
Stand Back,Stevie Nicks,1983,1,1,40
Stop Draggin' My Heart Around,Stevie Nicks,1981,1,1,7
Leather and Lace,Stevie Nicks,1981,1,1,3
Stop Draggin' My Heart Around,Stevie Nicks w/ Tom Petty and the Heartbreakers,1981,1,1,9
Pride And Joy,Stevie Ray Vaughan,1983,1,1,48
Crossfire,Stevie Ray Vaughan,1989,1,1,17
The House Is Rockin',Stevie Ray Vaughan,1989,1,1,17
Cold Shot,Stevie Ray Vaughan,,1,0,14
Little Wing,Stevie Ray Vaughan,,1,0,9
Look At Little Sister,Stevie Ray Vaughan,,1,0,8
The Sky Is Crying,Stevie Ray Vaughan,,1,0,8
Tightrope,Stevie Ray Vaughan,,1,0,6
Couldn't Stand the Weather,Stevie Ray Vaughan,,1,0,5
Texas Flood,Stevie Ray Vaughan,1983,1,1,4
Scuttle Buttin',Stevie Ray Vaughan,1984,1,1,3
Voodoo Chile {slight Return},Stevie Ray Vaughan,,1,0,3
Life by the Drop,Stevie Ray Vaughan,,1,0,1
Superstition [Live],Stevie Ray Vaughan,,1,0,1
Taxman,Stevie Ray Vaughan,,1,0,1
Superstition,Stevie Wonder,1973,1,1,12
Fortress Around Your Heart,Sting,1985,1,1,1
If You Love Somebody Set Them Free,Sting,,1,0,1
Plush,Stone Temple Pilots,1992,1,1,33
Interstate Love Song,Stone Temple Pilots,1994,1,1,23
Big Empty,Stone Temple Pilots,1994,1,1,7
Creep,Stone Temple Pilots,1993,1,1,7
Vasoline,Stone Temple Pilots,1994,1,1,3
Lady Picture Show,Stone Temple Pilots,,1,0,1
Sex Type Thing,Stone Temple Pilots,,1,0,1
Trippin' on a Hole in a Paper Heart,Stone Temple Pilots,,1,0,1
Rock This Town,Stray Cats,,1,0,15
Stray Cat Strut,Stray Cats,,1,0,6
To Hell With the Devil,Stryper,1986,1,1,1
The Isle Of Debris,Stu Nunnery,,1,0,1
Renegade,Styx,1978,1,1,116
Come Sail Away,Styx,1977,1,1,93
Blue Collar Man,Styx,1978,1,1,61
Too Much Time On My Hands,Styx,1981,1,1,46
Fooling Yourself,Styx,1977,1,1,24
Lady,Styx,1973,1,1,19
The Grand Illusion,Styx,1977,1,1,14
Crystal Ball,Styx,,1,0,4
Lorelei,Styx,1975,1,1,4
Light Up,Styx,1975,1,1,3
Suite Madame Blue,Styx,1975,1,1,2
What I Got,Sublime,1996,1,1,4
Wrong Way,Sublime,1996,1,1,2
Fly,Sugar Ray,,1,0,2
Green Eyed Lady,Sugarloaf,1970,1,1,5
The Logical Song,Supertramp,1979,1,1,76
Give a Little Bit,Supertramp,1977,1,1,73
Goodbye Stranger,Supertramp,1979,1,1,60
Breakfast in America,Supertramp,1979,1,1,56
Take the Long Way Home,Supertramp,1979,1,1,46
Bloody Well Right,Supertramp,1974,1,1,3
Dreamer,Supertramp,1974,1,1,2
Eye of the Tiger,Survivor,1982,1,1,8
I Can't Hold Back,Survivor,,1,0,4
Ballroom Blitz,Sweet,1973,1,1,25
Fox On The Run,Sweet,,1,0,16
Love Is Like Oxygen,Sweet,1978,1,1,1
Bang a Gong (Get It On),T. Rex,1971,1,1,82
Jeepster,T. Rex,1971,1,1,1
Burning Down the House,Talking Heads,1983,1,1,72
Once In A Lifetime,Talking Heads,1980,1,1,46
Stay Up Late,Talking Heads,,1,0,33
Life During Wartime,Talking Heads,1979,1,1,23
Take Me To The River,Talking Heads,,1,0,23
And She Was,Talking Heads,1985,1,1,19
Road To Nowhere,Talking Heads,,1,0,18
Psycho Killer,Talking Heads,1977,1,1,8
Wild Wild Life,Talking Heads,1986,1,1,7
I'm Leaving,Taxxi,,1,0,1
Everybody Wants to Rule the World,Tears for Fears,1985,1,1,6
Head Over Heels,Tears for Fears,1985,1,1,1
Shout,Tears for Fears,1984,1,1,1
Stranglehold,Ted Nugent,1975,1,1,33
Cat Scratch Fever,Ted Nugent,1977,1,1,20
Free for All,Ted Nugent,1977,1,1,10
Dog Eat Dog,Ted Nugent,,1,0,3
Great White Buffalo,Ted Nugent,,1,0,1
Wango Tango,Ted Nugent,,1,0,1
Hunger Strike,Temple of the Dog,1990,1,1,4
I'd Love To Change The World,Ten Years After,1971,1,1,18
I'm Goin' Home,Ten Years After,,1,0,1
Signs,Tesla,,1,0,15
Love Song,Tesla,1989,1,1,4
Modern Day Cowboy,Tesla,,1,0,3
Little Suzi,Tesla,,1,0,1
Breakdown,The Alan Parsons Project,1977,1,1,5
Games People Play,The Alan Parsons Project,1981,1,1,3
Eye In the Sky,The Alan Parsons Project,1982,1,1,2
I Wouldn't Want to Be Like You,The Alan Parsons Project,,1,0,1
Rain In the Summertime,The Alarm (IRS),,1,0,2
Journey to the Center of the Mind,The Amboy Dukes,1968,1,1,1
House Of The Rising Sun,The Animals,1964,1,1,18
Monterey,The Animals,1968,1,1,3
Spill the Wine,The Animals,,1,0,3
Don't Bring Me Down,The Animals,1966,1,1,1
San Franciscan Nights,The Animals,1967,1,1,1
Love Shack,The B-52's,1989,1,1,5
Roam,The B-52's,,1,0,1
Back On My Feet Again,The Babys,,1,0,3
Isn't It Time,The Babys,1977,1,1,1
The Weight,The Band,1968,1,1,24
The Night They Drove Old Dixie Down,The Band,1969,1,1,3
Chest Fever,The Band,1968,1,1,1
Up On Cripple Creek,The Band,1969,1,1,1
Good Vibrations,The Beach Boys,1966,1,1,1
Come Together,The Beatles,1969,1,1,69
Revolution,The Beatles,1968,1,1,55
Get Back,The Beatles,1969,1,1,52
A Day In The Life,The Beatles,1967,1,1,31
Let It Be,The Beatles,1970,1,1,31
While My Guitar Gently Weeps,The Beatles,1968,1,1,29
Back In the U.S.S.R.,The Beatles,1968,1,1,28
Hello Goodbye,The Beatles,1967,1,1,26
Here Comes The Sun,The Beatles,1969,1,1,24
Hey Jude,The Beatles,1968,1,1,22
Eleanor Rigby,The Beatles,1966,1,1,20
Lucy In The Sky With Diamonds,The Beatles,1967,1,1,20
We Can Work It Out,The Beatles,1965,1,1,18
"Ob-la-di, Ob-la-da",The Beatles,1968,1,1,13
Birthday,The Beatles,1969,1,1,12
Reprise / Day in the Life,The Beatles,1967,1,1,12
Sgt. Pepper/with A Little Help From My Friends,The Beatles,1967,1,1,11
Something,The Beatles,1969,1,1,11
Yesterday,The Beatles,1965,1,1,10
The Ballad Of John And Yoko,The Beatles,1969,1,1,8
Lady Madonna,The Beatles,1968,1,1,7
Strawberry Fields Forever,The Beatles,1967,1,1,7
With a Little Help From My Friends,The Beatles,1967,1,1,7
Eight Days A Week,The Beatles,1964,1,1,6
Magical Mystery Tour,The Beatles,1967,1,1,6
OH DARLING,The Beatles,1969,1,1,6
A Hard Day's Night,The Beatles,1964,1,1,5
Can't Buy Me Love,The Beatles,1964,1,1,5
Golden Slumbers,The Beatles,1969,1,1,5
Got To Get You Into My Life,The Beatles,1966,1,1,5
Helter Skelter,The Beatles,1968,1,1,5
I Am the Walrus,The Beatles,1967,1,1,5
I Feel Fine,The Beatles,1964,1,1,5
IN MY LIFE,The Beatles,1965,1,1,5
Paperback Writer,The Beatles,1966,1,1,5
Twist and Shout,The Beatles,1963,1,1,5
All My Loving,The Beatles,1963,1,1,4
Drive My Car,The Beatles,1965,1,1,4
Help!,The Beatles,1965,1,1,4
Ticket to Ride,The Beatles,1965,1,1,4
Yellow Submarine,The Beatles,1966,1,1,4
All You Need Is Love,The Beatles,1967,1,1,3
Blackbird,The Beatles,1968,1,1,3
I Saw Her Standing There,The Beatles,1963,1,1,3
I've Got A Feeling,The Beatles,1970,1,1,3
I've Just Seen A Face,The Beatles,1965,1,1,3
Penny Lane,The Beatles,1967,1,1,3
Rocky Raccoon,The Beatles,1968,1,1,3
Sgt. Pepper's Lonely Hearts Club Band (Reprise),The Beatles,1967,1,1,3
Sgt. Pepper/a Day In The Life,The Beatles,1967,1,1,3
She Loves You,The Beatles,1963,1,1,3
Day Tripper,The Beatles,1965,1,1,2
Fixing A Hole,The Beatles,1967,1,1,2
I Want To Hold Your Hand,The Beatles,1963,1,1,2
I Want You (She's So Heavy),The Beatles,1969,1,1,2
I'm A Loser,The Beatles,1964,1,1,2
Lovely Rita,The Beatles,1967,1,1,2
Maxwell's Silver Hammer,The Beatles,1969,1,1,2
Please Please Me,The Beatles,1963,1,1,2
Sgt. Pepper Inner Groove,The Beatles,1967,1,1,2
The Fool On The Hill,The Beatles,1967,1,1,2
The Long And Winding Road,The Beatles,1970,1,1,2
Things We Said Today,The Beatles,1964,1,1,2
Two Of Us,The Beatles,1970,1,1,2
You Never Give Me Your Money,The Beatles,1969,1,1,2
A Saturday Club Xmas/Crimble Medley,The Beatles,,1,0,1
Across The Universe,The Beatles,1970,1,1,1
And Your Bird Can Sing,The Beatles,1966,1,1,1
ANYTIME AT ALL,The Beatles,1964,1,1,1
Baby You're A Rich Man,The Beatles,1967,1,1,1
BAD BOY,The Beatles,1965,1,1,1
BALLAD OF JOHN AND YOKO,The Beatles,,1,0,1
Cry For A Shadow,The Beatles,1961,1,1,1
Dear Prudence,The Beatles,1968,1,1,1
Don't Let Me Down,The Beatles,1969,1,1,1
Everybody's Got Something To Hide Except Me And My Monk,The Beatles,1968,1,1,1
From Me To You,The Beatles,1963,1,1,1
Getting Better,The Beatles,1967,1,1,1
GIRL,The Beatles,1965,1,1,1
Good Day Sunshine,The Beatles,1966,1,1,1
I'll Follow The Sun,The Beatles,1964,1,1,1
I'm Down,The Beatles,1965,1,1,1
IT WON'T BE LONG,The Beatles,1963,1,1,1
LITTLE CHILD,The Beatles,1963,1,1,1
Love Me Do,The Beatles,1962,1,1,1
Norwegian Wood,The Beatles,1965,1,1,1
NOWHERE MAN,The Beatles,1965,1,1,1
P.s. I Love You,The Beatles,1962,1,1,1
ROCK AND ROLL MUSIC,The Beatles,,1,0,1
Roll Over Beethoven,The Beatles,,1,0,1
Sgt. Pepper's Lonely Hearts Club Band,The Beatles,1967,1,1,1
SHE'S A WOMAN,The Beatles,1964,1,1,1
She's Leaving Home,The Beatles,1967,1,1,1
Sun King,The Beatles,1969,1,1,1
THE CONTINUING STORY OF BUNG,The Beatles,1968,1,1,1
The Word,The Beatles,1965,1,1,1
When I'm 64,The Beatles,1967,1,1,1
Wild Honey Pie,The Beatles,1968,1,1,1
You're Going To Lose That Girl,The Beatles,1965,1,1,1
YOUR MOTHER SHOULD KNOW,The Beatles,1967,1,1,1
Hard To Handle,The Black Crowes,1990,1,1,83
She Talks To Angels,The Black Crowes,1990,1,1,44
Jealous Again,The Black Crowes,,1,0,24
Twice As Hard,The Black Crowes,1990,1,1,10
Remedy,The Black Crowes,1992,1,1,7
Thorn In My Pride,The Black Crowes,,1,0,3
A Conspiracy,The Black Crowes,,1,0,1
Gone,The Black Crowes,,1,0,1
Good Friday,The Black Crowes,,1,0,1
Goodbye Daughters of the Revolution,The Black Crowes,2008,1,1,1
Hotel Illness,The Black Crowes,,1,0,1
Kickin' My Heart Around,The Black Crowes,,1,0,1
Lonely Boy,The Black Keys,2011,1,1,6
Gold On The Ceiling,The Black Keys,2011,1,1,3
Soul Man,The Blues Brothers,,1,0,3
Eight Miles High,The Byrds,1966,1,1,2
Just What I Needed,The Cars,1978,1,1,113
Good Times Roll,The Cars,,1,0,88
Let's Go,The Cars,1979,1,1,73
My Best Friend's Girl,The Cars,,1,0,65
Moving In Stereo,The Cars,1978,1,1,53
Bye Bye Love,The Cars,1978,1,1,48
You're All I've Got Tonight,The Cars,,1,0,38
Shake It Up,The Cars,1981,1,1,27
You Might Think,The Cars,1984,1,1,19
Tonight She Comes,The Cars,,1,0,18
Magic,The Cars,1984,1,1,11
Dangerious Type,The Cars,,1,0,10
Candy-o,The Cars,,1,0,8
Hello Again,The Cars,1984,1,1,6
Drive,The Cars,1984,1,1,3
It's All I Can Do,The Cars,,1,0,3
Since You're Gone,The Cars,,1,0,3
Stereo/All Mixed Up,The Cars,,1,0,3
Rock The Casbah,The Clash,1982,1,1,61
Should I Stay Or Should,The Clash,1982,1,1,58
Train In Vain,The Clash,1979,1,1,12
London Calling,The Clash,1979,1,1,8
Clampdown,The Clash,1979,1,1,2
I Fought The Law,The Clash,,1,0,2
Fire Woman,The Cult,1989,1,1,3
Black Water,The Doobie Brothers,1974,1,1,57
Long Train Runnin',The Doobie Brothers,1973,1,1,55
Listen To The Music,The Doobie Brothers,1972,1,1,48
China Grove,The Doobie Brothers,1973,1,1,40
Rockin' Down The Highway,The Doobie Brothers,1972,1,1,13
Take Me In Your Arms,The Doobie Brothers,1975,1,1,13
Jesus Is Just Alright,The Doobie Brothers,1972,1,1,10
What a Fool Believes,The Doobie Brothers,1978,1,1,5
"Another Park, Another Sunday",The Doobie Brothers,1974,1,1,1
It Keeps You Runnin',The Doobie Brothers,,1,0,1
Livin' On the Fault Line,The Doobie Brothers,,1,0,1
Natural Thing,The Doobie Brothers,,1,0,1
South City Midnight Lady,The Doobie Brothers,,1,0,1
Takin' It To The Streets,The Doobie Brothers,1976,1,1,1
UKIAH/THE CAPTAIN AND ME,The Doobie Brothers,,1,0,1
Wheels Of Fortune,The Doobie Brothers,,1,0,1
Love Her Madly,The Doors,1971,1,1,56
People Are Strange,The Doors,1967,1,1,53
Break On Through,The Doors,1967,1,1,52
Love Me Two Times,The Doors,1967,1,1,51
Light My Fire,The Doors,1967,1,1,49
Roadhouse Blues,The Doors,1967,1,1,49
Touch Me,The Doors,1969,1,1,45
Riders On The Storm,The Doors,1971,1,1,43
"Hello, I Love You",The Doors,1968,1,1,35
L.A. Woman,The Doors,1971,1,1,31
Moonlight Drive,The Doors,1967,1,1,17
Waiting For The Sun,The Doors,1970,1,1,17
Soul Kitchen,The Doors,,1,0,15
The Crystal Ship,The Doors,1967,1,1,11
Peace Frog,The Doors,1970,1,1,9
Five To One,The Doors,1968,1,1,5
Gloria,The Doors,,1,0,5
Back Door Man,The Doors,1967,1,1,4
Twentieth Century Fox,The Doors,1967,1,1,2
The Changeling,The Doors,1971,1,1,1
When the Music's Over,The Doors,1967,1,1,1
Tuff Enuff,The Fabulous Thunderbirds,,1,0,15
Radioactive,The Firm,1985,1,1,3
One Thing Leads To Another,The Fixx,1983,1,1,22
Saved By Zero,The Fixx,1983,1,1,2
Iris,The Goo Goo Dolls,1998,1,1,2
Funk #49,The James Gang,1970,1,1,4
This Beat Goes on/Switching to Glide,The Kings,,1,0,1
Lola,The Kinks,1970,1,1,40
You Really Got Me,The Kinks,1964,1,1,20
A Well Respected Man,The Kinks,,1,0,16
Victoria,The Kinks,,1,0,16
Waterloo Sunset,The Kinks,1967,1,1,9
All Day And All Of The Night,The Kinks,1964,1,1,7
Destroyer,The Kinks,1981,1,1,3
Apeman,The Kinks,1971,1,1,2
Come Dancing,The Kinks,1983,1,1,1
Sunny Afternoon,The Kinks,1966,1,1,1
Superman,The Kinks,,1,0,1
Tired of Waiting,The Kinks,1965,1,1,1
My Sharona,The Knack,1979,1,1,13
Mrs. Robinson,The Lemonheads,,1,0,2
Summer In the City,The Lovin' Spoonful,1966,1,1,2
CALIFORNIA DREAMIN',The Mamas,1966,1,1,1
Can't You See,The Marshall Tucker Band,1973,1,1,52
HEARD IT IN A LOVE SONG,The Marshall Tucker Band,1977,1,1,1
Take The Highway,The Marshall Tucker Band,,1,0,1
Question,The Moody Blues,1970,1,1,2
Gypsy,The Moody Blues,,1,0,1
Ride My See Saw,The Moody Blues,1968,1,1,1
The Story In Your Eyes,The Moody Blues,1971,1,1,1
Your Wildest Dreams,The Moody Blues,1986,1,1,1
Life in the Fast Lane,The New Eagles,1976,1,1,3
Come Out and Play,The Offspring,1994,1,1,4
Self Esteem,The Offspring,1994,1,1,4
The Kids Aren't Alright,The Offspring,1998,1,1,1
Your Love,The Outfield,1985,1,1,21
Green Grass & High Tides,The Outlaws,1975,1,1,1
Message In A Bottle,The Police,1979,1,1,86
Roxanne,The Police,1978,1,1,75
Don't Stand So Close To Me,The Police,1980,1,1,64
Every Little Thing She Does Is Magic,The Police,1981,1,1,60
Synchronicity II,The Police,1983,1,1,35
Every Breath You Take,The Police,1983,1,1,32
"De Do Do Do, De Da Da Da",The Police,1980,1,1,19
Spirits In The Material World,The Police,1981,1,1,19
Wrapped Around Your Finger,The Police,1983,1,1,17
Walking On The Moon,The Police,1979,1,1,13
King Of Pain,The Police,1983,1,1,10
Can't Stand Losing You,The Police,1978,1,1,6
Driven to Tears,The Police,1980,1,1,4
So Lonely,The Police,1978,1,1,3
Invisible Sun,The Police,1981,1,1,2
Some Like It Hot,The Power Station,1985,1,1,1
Brass In Pocket,The Pretenders,1980,1,1,51
Back On The Chain Gang,The Pretenders,1982,1,1,40
Middle Of The Road,The Pretenders,1984,1,1,33
My City Was Gone,The Pretenders,1984,1,1,18
Mystery Achievement,The Pretenders,,1,0,18
Don't Get Me Wrong,The Pretenders,1986,1,1,10
Message of Love,The Pretenders,,1,0,1
TALK OF THE TOWN,The Pretenders,1980,1,1,1
I Wanna Be Sedated,The Ramones,1978,1,1,23
Blitzkrieg Bop,The Ramones,1976,1,1,17
Do You Remember Rock 'n' Roll Radio,The Ramones,1980,1,1,16
Rock 'n' Roll High School,The Ramones,,1,0,3
Rockaway Beach,The Ramones,,1,0,1
Teenage Lobotomy,The Ramones,,1,0,1
What I Like About You,The Romantics,1980,1,1,29
TALKING IN YOUR SLEEP,The Romantics,1983,1,1,5
Itchycoo Park,The Small Faces,1967,1,1,1
A Girl Like You,The Smithereens,1989,1,1,1
I'm A Man,The Spencer Davis Group,1967,1,1,1
Dirty Water,The Standells,1966,1,1,3
Handle with Care,The Traveling Wilburys,1988,1,1,5
End of the Line,The Traveling Wilburys,1988,1,1,2
Tweeter and the Monkey Man,The Traveling Wilburys,,1,0,1
She's a Beauty,The Tubes,1983,1,1,25
Talk To Ya Later,The Tubes,1981,1,1,2
One Headlight,The Wallflowers,1996,1,1,2
Seven Nation Army,The White Stripes,2003,1,1,1
Who Are You,The Who,1978,1,1,94
Baba O'Reilly,The Who,1971,1,1,85
Behind Blue Eyes,The Who,1971,1,1,75
Won't Get Fooled Again,The Who,1971,1,1,56
Pinball Wizard,The Who,1969,1,1,54
My Generation,The Who,1965,1,1,50
Bargain,The Who,1971,1,1,35
You Better You Bet,The Who,1981,1,1,26
Eminence Front,The Who,1982,1,1,19
Love Reign O'er Me,The Who,1973,1,1,18
Squeeze Box,The Who,1975,1,1,15
Long Live Rock,The Who,1972,1,1,13
Going Mobile,The Who,1971,1,1,12
Magic Bus,The Who,1968,1,1,12
The Real Me,The Who,1973,1,1,12
I Can See For Miles,The Who,1968,1,1,10
Summertime Blues,The Who,,1,0,9
Substitute,The Who,1966,1,1,8
Athena,The Who,1982,1,1,5
Join Together,The Who,1972,1,1,4
05:15,The Who,1973,1,1,3
We're Not Gonna Take It,The Who,1969,1,1,3
Getting In Tune,The Who,,1,0,2
Happy Jack,The Who,1966,1,1,2
The Kids Are Alright,The Who,1965,1,1,2
ANOTHER TRICKY DAY,The Who,,1,0,1
I CAN'T EXPLAIN,The Who,1965,1,1,1
I'm Free,The Who,1969,1,1,1
Shakin' All Over,The Who,,1,0,1
THE SEEKER,The Who,1970,1,1,1
THE SONG IS OVER,The Who,1971,1,1,1
Get Together,The Youngbloods,2005,1,1,2
The Boys Are Back In Town,Thin Lizzy,1976,1,1,106
Jailbreak,Thin Lizzy,1976,1,1,16
The Cowboy Song,Thin Lizzy,,1,0,1
Semi-Charmed Life,Third Eye Blind,1997,1,1,1
Something In the Air,Thunderclap Newman,1969,1,1,1
Bang the Drum All Day,Todd Rundgren,1983,1,1,9
I Saw the Light,Todd Rundgren,1972,1,1,2
Hello It's Me,Todd Rundgren,1972,1,1,1
We Gotta Get You a Woman,Todd Rundgren,1970,1,1,1
Life Is a Highway,Tom Cochrane,1992,1,1,10
Refugee,Tom Petty & The Heartbreakers,1979,1,1,97
Runnin' Down a Dream,Tom Petty & The Heartbreakers,1989,1,1,96
Free Fallin',Tom Petty & The Heartbreakers,1989,1,1,90
Breakdown,Tom Petty & The Heartbreakers,1977,1,1,88
I Won't Back Down,Tom Petty & The Heartbreakers,1989,1,1,76
American Girl,Tom Petty & The Heartbreakers,1977,1,1,74
You Got Lucky,Tom Petty & The Heartbreakers,1982,1,1,71
Don't Do Me Like That,Tom Petty & The Heartbreakers,1979,1,1,69
Mary Jane's Last Dance,Tom Petty & The Heartbreakers,1993,1,1,51
Don't Come Around Here No More,Tom Petty & The Heartbreakers,1985,1,1,49
You Wreck Me,Tom Petty & The Heartbreakers,1994,1,1,41
The Waiting,Tom Petty & The Heartbreakers,1981,1,1,37
You Don't Know How It Feels,Tom Petty & The Heartbreakers,1994,1,1,31
Learning To Fly,Tom Petty & The Heartbreakers,1991,1,1,23
Here Comes My Girl,Tom Petty & The Heartbreakers,1979,1,1,17
I Need to Know,Tom Petty & The Heartbreakers,,1,0,14
Even the Losers,Tom Petty & The Heartbreakers,,1,0,10
Into the Great Wide Open,Tom Petty & The Heartbreakers,,1,0,8
You Get Me High,Tom Petty & The Heartbreakers,,1,0,8
A Woman In Love,Tom Petty & The Heartbreakers,1981,1,1,2
American Dream Plan B,Tom Petty & The Heartbreakers,,1,0,2
Jammin' Me,Tom Petty & The Heartbreakers,1987,1,1,2
Stop Draggin' My Heart Around,Tom Petty & The Heartbreakers,1981,1,1,2
U Get Me High,Tom Petty & The Heartbreakers,,1,0,2
A Face In The Crowd,Tom Petty & The Heartbreakers,,1,0,1
Change of Heart,Tom Petty & The Heartbreakers,,1,0,1
Fooled Again (I Don't Like It),Tom Petty & The Heartbreakers,,1,0,1
Listen To Your Heart,Tom Petty & The Heartbreakers,,1,0,1
Yer So Bad,Tom Petty & The Heartbreakers,,1,0,1
867-5309 / Jenny,Tommy Tutone,1982,1,1,11
If You Could Only See,Tonic,,1,0,1
Hold The Line,Toto,1978,1,1,72
AFRICA,Toto,1982,1,1,2
Dear Mr. Fantasy,Traffic,,1,0,4
Empty Pages,Traffic,,1,0,2
Medicated Goo,Traffic,,1,0,1
Medusa,Trapeze,,1,0,1
Lay It On the Line,Triumph,,1,0,52
Magic Power,Triumph,,1,0,27
Fight The Good Fight,Triumph,,1,0,7
Hold On,Triumph,1979,1,1,1
I Can Survive,Triumph,,1,0,1
Happy Together,Turtles,1967,1,1,1
We're Not Gonna Take It,Twisted Sister,1984,1,1,39
I Wanna Rock,Twisted Sister,1984,1,1,7
New Year's Day,U2,1983,1,1,88
Pride (In the Name of Love),U2,1984,1,1,60
Sunday Bloody Sunday,U2,1983,1,1,54
I Still Haven't Found What I'm Looking For,U2,1987,1,1,53
With Or Without You,U2,1987,1,1,49
Mysterious Ways,U2,1991,1,1,38
Where the Streets Have No Name,U2,1987,1,1,36
One,U2,1991,1,1,18
Desire,U2,1988,1,1,13
Beautiful Day,U2,2000,1,1,7
Bad,U2,1984,1,1,5
Bullet the Blue Sky,U2,1987,1,1,5
MLK/Pride,U2,1984,1,1,5
I Will Follow,U2,1980,1,1,4
Even Better Than the Real Thing,U2,1991,1,1,3
Vertigo,U2,2004,1,1,3
Angel Of Harlem,U2,1988,1,1,1
Sweetest Thing,U2,1987,1,1,1
When Love Comes to Town,U2,1988,1,1,1
Red Red Wine,UB40,1983,1,1,2
Too Hot To Handle,UFO,,1,0,19
Lights Out (Live),UFO,1976,1,1,1
Easy Livin',Uriah Heep,,1,0,4
Stealin',Uriah Heep,1973,1,1,2
The Wizard,Uriah Heep,1972,1,1,1
Dance the Night Away,Van Halen,1979,1,1,106
Jamie's Cryin',Van Halen,1978,1,1,96
Panama,Van Halen,1984,1,1,89
Runnin' with the Devil,Van Halen,1978,1,1,81
Jump,Van Halen,1984,1,1,72
You Really Got Me,Van Halen,1978,1,1,70
Ain't Talkin' 'bout Love,Van Halen,1978,1,1,69
Dancing In the Street,Van Halen,1982,1,1,57
I'll Wait,Van Halen,,1,0,53
Hot for Teacher,Van Halen,1984,1,1,52
Unchained,Van Halen,1981,1,1,49
Beautiful Girls,Van Halen,1979,1,1,44
Why Can't This Be Love,Van Halen,1986,1,1,44
And the Cradle Will Rock...,Van Halen,1980,1,1,43
(Oh) Pretty Woman,Van Halen,1982,1,1,34
Finish What Ya Started,Van Halen,,1,0,27
Dreams,Van Halen,1986,1,1,25
Eruption - You Really Got Me,Van Halen,1978,1,1,25
Right Now,Van Halen,1991,1,1,25
Top Jimmy,Van Halen,,1,0,23
When It's Love,Van Halen,1988,1,1,22
Feel Your Love Tonight,Van Halen,,1,0,20
Everybody Wants Some!!,Van Halen,1980,1,1,16
Ice Cream Man,Van Halen,1978,1,1,13
Little Dreamer,Van Halen,,1,0,11
Intruder/ Pretty Woman,Van Halen,,1,0,10
Black And Blue,Van Halen,,1,0,9
Take Your Whiskey Home,Van Halen,,1,0,8
Best Of Both Worlds,Van Halen,,1,0,6
Little Guitars,Van Halen,1982,1,1,6
PRETTY WOMAN,Van Halen,,1,0,5
Top of the World,Van Halen,,1,0,5
Drop Dead Legs,Van Halen,,1,0,4
I'm the One,Van Halen,1978,1,1,4
Love Walks In,Van Halen,1986,1,1,4
Summer Nights,Van Halen,1986,1,1,4
1984/jump,Van Halen,1984,1,1,3
Somebody Get Me A Doctor,Van Halen,,1,0,3
Atomic Punk,Van Halen,,1,0,1
Feels So Good,Van Halen,,1,0,1
Mean Street,Van Halen,,1,0,1
Poundcake,Van Halen,1991,1,1,1
Runaround,Van Halen,,1,0,1
Where Have All the Good Times Gone!,Van Halen,1982,1,1,1
Brown Eyed Girl,Van Morrison,1967,1,1,55
Moondance,Van Morrison,1970,1,1,14
Wild Night,Van Morrison,1971,1,1,5
And It Stoned Me,Van Morrison,,1,0,1
BLUE MONEY,Van Morrison,,1,0,1
CRAZY LOVE,Van Morrison,1970,1,1,1
Domino,Van Morrison,1970,1,1,1
Gloria,Van Morrison,,1,0,1
Into The Mystic,Van Morrison,1970,1,1,1
Jackie Wilson Said,Van Morrison,,1,0,1
Blister In the Sun,Violent Femmes,1982,1,1,1
Edge of a Broken Heart,Vixen,,1,0,2
Low Rider,War,1975,1,1,81
The Cisco Kid,War,1972,1,1,3
Spill the Wine,War,1970,1,1,2
Why Can't We Be Friends,War,1975,1,1,1
Cherry Pie,Warrant,1990,1,1,6
Uncle Tom's Cabin,Warrant,,1,0,1
Werewolves of London,Warren Zevon,1978,1,1,52
"Lawyers, Guns and Money",Warren Zevon,1978,1,1,3
Buddy Holly,Weezer,1994,1,1,2
Street Corner Serenade,Wet Willie,,1,0,2
Wait,White Lion,,1,0,1
Here I Go Again,Whitesnake,1987,1,1,84
Still of the Night,Whitesnake,,1,0,14
Is This Love,Whitesnake,1987,1,1,7
Slow An' Easy,Whitesnake,,1,0,6
Fool for Your Loving,Whitesnake,1980,1,1,3
Slide It In,Whitesnake,1984,1,1,1
Who Are You?,Why Not,,1,0,5
PLAY THAT FUNKY MUSIC,Wild Cherry,1976,1,1,4
Night Moves,Wildlife,,1,0,23
We've Got Tonight,Wildlife,,1,0,4
Seventeen,Winger,,1,0,2
Can't Get Enough,Winger,,1,0,1
Headed For A Heartbreak,Winger,,1,0,1
Persephone,Wishbone Ash,1980,1,1,1
Summertime Girls,Y&T,,1,0,4
Owner of a Lonely Heart,Yes,1983,1,1,81
Roundabout,Yes,1971,1,1,44
Long Distance Runaround,Yes,1972,1,1,35
I've Seen All Good People,Yes,1971,1,1,34
Leave It,Yes,1983,1,1,20
Changes,Yes,1983,1,1,13
Wonderous Stories,Yes,,1,0,5
It Can Happen,Yes,1983,1,1,3
Starship Trooper,Yes,1971,1,1,1
Yours Is No Disgrace,Yes,1971,1,1,1
Tell Me What You Want,Zebra,,1,0,2
Who's Behind The Door,Zebra,,1,0,1
Time of the Season,Zombies,1968,1,1,14
Legs,ZZ Top,1983,1,1,121
Sharp Dressed Man,ZZ Top,1983,1,1,120
La Grange,ZZ Top,1973,1,1,111
Tush,ZZ Top,1975,1,1,109
Gimme All Your Lovin,ZZ Top,1983,1,1,86
Cheap Sunglasses,ZZ Top,1980,1,1,34
Tube Snake Boogie,ZZ Top,1981,1,1,32
Got Me Under Pressure,ZZ Top,1983,1,1,29
I Thank You,ZZ Top,,1,0,16
Party On The Patio,ZZ Top,,1,0,14
"I'm Bad, I'm Nationwide",ZZ Top,,1,0,10
Beer Drinkers & Hell Raisers,ZZ Top,1973,1,1,8
Jesus Just Left Chicago,ZZ Top,1973,1,1,6
Pearl Necklace,ZZ Top,1981,1,1,5
Heard It On the X,ZZ Top,1975,1,1,2
Just Got Paid,ZZ Top,,1,0,2
WAITIN' FOR THE BUS/JESUS JUST LEFT CHICAGO,ZZ Top,1973,1,1,2
A Fool for Your Stockings,ZZ Top,,1,0,1
Arrested For Driving While Blind,ZZ Top,1976,1,1,1
My Head's In Mississippi,ZZ Top,,1,0,1
She Loves My Automobile,ZZ Top,,1,0,1
TV Dinners,ZZ Top,1983,1,1,1